bvn_confidence,nin_watchlisted,liveness_score,doc_authentic,phone_name_match,txn_count_90d,avg_txn_amount,txn_failure_rate,channel_diversity,dispute_count,topup_frequency,telco_borrow_repaid,income_stability,bounce_count_90d,aml_risk_level,label
0.9919036680337143,0,0.8253356581286795,1,1,34,35589.24534027517,0.03246165776226544,4,0,9,1,0.7445316969760174,1,0,1
0.8662863611703165,0,0.918060023259953,1,1,20,33652.286465211284,0.03634973071434413,3,0,15,1,0.7323222837867689,1,0,1
0.9949303938052264,0,0.8804950285295127,1,1,20,40096.285964308496,0.0029359340825074855,5,0,12,1,0.9094955223605764,0,0,1
0.09709760690162329,1,0.04887694029913187,1,1,5,50000.0,0.3771076763035597,1,1,2,0,0.05487090285174743,5,2,0
0.9222237010489421,0,0.989833086908902,1,1,26,25784.314718173686,0.0055346037014808065,4,0,7,1,0.7884321848723628,0,0,1
0.8691823576528475,0,0.8372510563888627,1,1,43,12634.807970524655,0.016238531431724042,4,0,5,1,0.7460565042793597,0,0,1
0.9094654353047218,0,0.9862870719176932,1,1,54,37985.876050142564,0.012880630809101824,2,0,10,1,0.9238203936878095,1,0,1
0.9576458721462351,0,0.9518579014940705,1,1,39,16225.378736535917,0.02039709755656411,5,0,10,1,0.8724615788869101,0,0,1
0.4726516313195761,1,0.3740334704865521,0,0,20,50000.0,0.7700858184736047,1,3,2,0,0.3385946597944268,4,1,0
0.8976482831207812,0,0.7707340557170432,1,1,38,22018.5384030151,0.04397334277949382,2,0,10,1,0.7638024120280091,0,0,1
0.9955302358854765,0,0.9764755547044446,1,1,25,28415.52827348669,0.003907806994269414,5,0,5,1,0.8841484767427035,1,0,1
0.9354974355391049,0,0.788570781353369,1,1,19,10033.519982920607,0.031331960884874076,5,0,7,1,0.8924683977893056,0,0,1
0.9875272611443794,0,0.8303832478705829,1,1,57,24320.678335485103,0.020022562262263916,4,0,10,1,0.7561716833846024,1,0,1
0.96988670747681,0,0.8730383038938573,1,1,25,46699.33931312489,0.005986679425056141,4,0,13,1,0.7263127035732305,0,0,1
0.8912546560945379,0,0.7662366948024859,1,1,15,29922.910302018317,0.0010861727852044811,2,0,5,1,0.7466191357771826,1,0,1
0.8547371996039498,0,0.7860392872303397,1,1,36,13162.508597267053,0.033302614963457426,4,0,5,1,0.9659936674383465,0,0,1
0.9501773738271979,0,0.7823407008645686,1,1,55,8655.415819204136,0.014176038329961461,3,0,8,1,0.9730980730555757,1,0,1
0.5377710604656897,0,0.2870985628751548,1,0,42,10000.0,0.4565418064573462,1,1,2,0,0.320347021934327,7,1,0
0.10041436158662932,0,0.4364677621653835,0,1,3,50000.0,0.7357679225115984,1,3,1,0,0.06782741447034443,9,1,0
0.42123303745714974,1,0.028384215734744464,1,1,2,50000.0,0.3347941448674863,1,4,0,0,0.10363077152910927,8,2,0
0.8894094394622251,0,0.9965074357691559,1,1,30,11509.651587780354,0.028682033439785454,2,0,9,1,0.8741314891608534,0,0,1
0.022533494052204683,1,0.3019397006643186,1,0,29,10000.0,0.7970920163902623,1,5,2,0,0.16274993892622944,4,2,0
0.1713053950142497,0,0.4711163474320548,1,0,30,50000.0,0.30896584813581757,1,3,2,0,0.29908440381476864,6,1,0
0.5273574197686327,0,0.15121243058370995,1,0,4,10000.0,0.34595008419221107,1,3,0,0,0.2295704116908582,6,1,0
0.23202321810730425,0,0.47473334158846614,0,0,0,100000.0,0.38684986383307807,1,1,2,0,0.1195965033517715,10,1,0
0.22320225403179533,0,0.31204830745773215,1,0,44,100000.0,0.342651867715458,1,2,0,0,0.014304496420086014,5,1,0
0.9827744314950762,0,0.9181098930541975,1,1,57,11108.870586116871,0.005319434150620389,4,0,13,1,0.8796575110301058,1,0,1
0.8933980204153502,0,0.8144521024255886,1,1,36,21679.15463480207,0.010942830439731611,4,0,12,1,0.9581709757883128,1,0,1
0.9254767790087332,0,0.9977181195005511,1,1,33,28711.332344518116,0.025614452135247292,2,0,15,1,0.8065844618658331,1,0,1
0.003654167805076058,1,0.35529420311165616,1,1,4,100000.0,0.753094841754091,1,1,1,0,0.12505814400701118,3,1,0
0.9679974568740399,0,0.8326790166865263,1,1,55,19906.908202786548,0.02825389553153528,5,0,5,1,0.7481764937754756,0,0,1
0.9390523006699532,0,0.9456560261573868,1,1,60,47409.29901523185,0.01266916769195936,5,0,12,1,0.7285147592693203,1,0,1
0.8715013333154952,0,0.9884624724875364,1,1,41,27050.583384830396,0.009848991265949375,2,0,11,1,0.7606925856526294,0,0,1
0.9647981835907955,0,0.7742336354473285,1,1,22,36833.64659468171,0.0034310428554429452,5,0,5,1,0.8894885626513953,1,0,1
0.9176569750277882,0,0.8919835576071231,1,1,32,33620.16367120165,0.027719951168988184,3,0,9,1,0.8037192417287897,0,0,1
0.26536941907358325,0,0.00244696364487465,0,0,2,50000.0,0.670161488345764,1,1,2,0,0.14208053912078938,5,1,0
0.8793129382615934,0,0.9898448180788078,1,1,47,32765.392262010726,0.033800948004468916,5,0,11,1,0.8939281114174846,0,0,1
0.87463800808814,0,0.7831365785686907,1,1,35,15673.505141306723,0.01776021617980039,5,0,12,1,0.9694751335534431,0,0,1
0.990500453779769,0,0.7969758947591192,1,1,52,25887.089713538182,0.025977479905484702,2,0,5,1,0.8310002468016519,1,0,1
0.8818221111284952,0,0.867450222043707,1,1,55,44161.555222918476,0.01895263475186526,4,0,9,1,0.9225149231559204,1,0,1
0.8707308057457795,0,0.9797057983826707,1,1,19,11039.454790944888,0.0015641756450822275,2,0,6,1,0.8860447859884889,0,0,1
0.5212810135161321,0,0.2561632599432906,0,1,47,100000.0,0.346523022892484,1,2,1,0,0.059255098706807736,7,2,0
0.9903525459097063,0,0.9495420728493273,1,1,58,8602.704679674143,0.028203590946257847,4,0,7,1,0.8292654692232558,0,0,1
0.9801608430664017,0,0.9007767893346814,1,1,28,19960.83408354477,0.021294104318675497,3,0,6,1,0.9602471895256974,1,0,1
0.39322407002797677,1,0.430559554674867,1,1,0,50000.0,0.6071056079889906,1,5,0,0,0.21913580913322367,7,1,0
0.9507976806486912,0,0.9276903837554824,1,1,40,34544.554600246214,0.0020090786314235164,5,0,6,1,0.8094034871136389,1,0,1
0.9987711574746443,0,0.8828534528993109,1,1,49,16519.05349462055,0.047376779983299616,4,0,12,1,0.9215532138059885,0,0,1
0.2734444384796965,0,0.025069359517149534,1,1,48,50000.0,0.504933959949032,1,1,0,0,0.2338195949903621,5,1,0
0.9113004066050069,0,0.8578797509218387,1,1,51,46484.93079147168,0.04663898098284913,4,0,13,1,0.7987787378793308,0,0,1
0.9664972653833074,0,0.9526299289149494,1,1,25,6934.289414947973,0.023751122200218036,4,0,11,1,0.7736698116428354,1,0,1
0.8882092525176201,0,0.783759524014059,1,1,16,21298.29431153933,0.011234473727293687,5,0,9,1,0.8197585907973371,1,0,1
0.2576540298129169,1,0.1549352923242466,1,0,1,10000.0,0.2788163700348546,1,1,2,0,0.28369621354136276,8,1,0
0.9047379041617378,0,0.989607295225243,1,1,18,39061.03478502011,0.01554807549603831,5,0,13,1,0.9116219096452038,1,0,1
0.9074979734166114,0,0.9324214271693445,1,1,23,46934.71936824619,0.03901507469546961,4,0,11,1,0.8129078420442478,0,0,1
0.10694760189065611,1,0.1055574896834392,0,1,39,50000.0,0.22195167414857142,1,1,0,0,0.25898024711363465,5,1,0
0.09637366488572208,0,0.18304295466743017,1,0,3,10000.0,0.7476080008390333,1,2,0,0,0.0024073038620165688,5,2,0
0.9801396798359789,0,0.9395930691496357,1,1,59,38209.331299119185,0.04260895975037253,5,0,14,1,0.919079728684014,1,0,1
0.9247418738065495,0,0.9814605447193626,1,1,38,26687.3279895048,0.03555346769888262,4,0,11,1,0.9713519051258341,1,0,1
0.91797879025736,0,0.8349156159510742,1,1,21,36372.79859161986,0.01785577979483093,2,0,15,1,0.7722931480789351,1,0,1
0.9344002020747899,0,0.7566331093015186,1,1,30,42902.97617932072,0.024820874121965417,4,0,7,1,0.7016419326503882,0,0,1
0.08536978713395539,0,0.07281191018989272,0,1,0,50000.0,0.7636748250727433,1,5,0,0,0.26602512354023905,5,2,0
0.869207891582168,0,0.8302714066029637,1,1,24,6957.606997138381,0.04330723031655101,2,0,5,1,0.8076018374583733,1,0,1
0.9792721626724021,0,0.9105631046419984,1,1,48,49183.38423372353,0.02059217201504869,4,0,12,1,0.9770040903177437,0,0,1
0.8589736505975949,0,0.958676916081734,1,1,58,27675.111342841785,0.04578724289393548,2,0,14,1,0.8191699904418472,1,0,1
0.8776668941330261,0,0.9933371709364764,1,1,29,43315.20136951374,0.024145391618553558,5,0,11,1,0.7920322250731615,1,0,1
0.8862058092439994,0,0.8306230867921663,1,1,23,43967.08953395876,0.014162346662505704,2,0,5,1,0.9375923275424122,1,0,1
0.255519934905256,0,0.0030796913753323497,1,1,4,10000.0,0.4936490655663581,1,3,1,0,0.13746316262742114,7,1,0
0.9307590235129937,0,0.7960348042872956,1,1,18,9318.392430962538,0.008078931218576097,3,0,7,1,0.77913581265273,1,0,1
0.8534068109700791,0,0.7725119651939104,1,1,50,24170.107052066593,0.00806358895168009,4,0,14,1,0.7456936308139505,1,0,1
0.9783956200261187,0,0.927318502785562,1,1,22,20743.279508889005,0.026448661845647904,5,0,13,1,0.8148993826508031,0,0,1
0.9646114080131936,0,0.8740721857073089,1,1,43,3564.4372758566956,0.0033489006565994963,5,0,5,1,0.7240831961212111,0,0,1
0.8609868979251327,0,0.7945335359354341,1,1,36,38711.02152108033,0.04179605404584212,2,0,9,1,0.7657815252769273,0,0,1
0.9372998693134621,0,0.8752458027579442,1,1,20,41256.094877987874,0.03728239956189289,3,0,5,1,0.9401731352545961,0,0,1
0.942253657285506,0,0.9725644834115728,1,1,57,35337.57398174631,0.018275164911067867,4,0,8,1,0.7961752187349718,0,0,1
0.9067889181339597,0,0.7736599420623471,1,1,29,36709.46250297853,0.019454835576104,2,0,14,1,0.8688017231724572,0,0,1
0.934644430874408,0,0.8605371393661239,1,1,30,42239.53238220352,0.028149112103318857,4,0,11,1,0.9249188052163744,1,0,1
0.85751600345454,0,0.8356009192026572,1,1,17,31890.01975943399,0.037541929237242984,5,0,12,1,0.7635863833241627,1,0,1
0.9197460184290479,0,0.9944792447684601,1,1,26,40096.74322687869,0.004240963615591603,3,0,7,1,0.9406179360957172,1,0,1
0.25000164657752905,0,0.45049336259439743,1,0,39,50000.0,0.24242090845976766,1,4,2,0,0.3095743518365753,6,2,0
0.37411725262224477,0,0.07352428795345345,1,0,37,50000.0,0.49385689004781896,1,3,0,0,0.09244923225350915,7,2,0
0.953519015436769,0,0.7908479250373637,1,1,43,20083.232377994067,0.030935738908482103,4,0,6,1,0.8385181591553528,0,0,1
0.5443570745092969,1,0.2178807097985651,1,1,40,50000.0,0.6441789350461264,1,4,1,0,0.1780663087767129,5,2,0
0.9924777069873795,0,0.9371286167232739,1,1,33,8550.586594136523,0.01600804844464347,5,0,15,1,0.8611517944980456,0,0,1
0.9845550098344937,0,0.7572498758011174,1,1,26,8865.050007998481,0.03883839703461093,2,0,13,1,0.9731914681392656,0,0,1
0.9020304706802256,0,0.8977288728703542,1,1,28,48010.84223558938,0.02411517184714501,2,0,10,1,0.7248189999767315,1,0,1
0.8731434238101321,0,0.9207622383106137,1,1,57,48440.46715684208,0.0162912679069076,4,0,14,1,0.8408667433827424,0,0,1
0.08917190176614227,0,0.29868668220063666,0,1,21,50000.0,0.1956040646653864,1,4,1,0,0.281496891472151,5,1,0
0.9735868541576195,0,0.8141804403837916,1,1,45,39666.65700086486,0.048379651299873615,5,0,11,1,0.7426311777554928,1,0,1
0.11716630812395401,1,0.4906217338185616,1,0,4,10000.0,0.4973723189571999,1,3,2,0,0.26231717019290635,3,1,0
0.9297735783666902,0,0.8286453922589606,1,1,16,38708.321020767136,0.04221361787912223,5,0,10,1,0.8303047744675887,1,0,1
0.8932233421273692,0,0.9337232905775728,1,1,16,35350.31018328792,0.04303595341629471,2,0,15,1,0.884313922162576,0,0,1
0.9963106485739333,0,0.8652452061753677,1,1,29,46095.901522942164,0.012433733101808665,4,0,7,1,0.7292634120318947,1,0,1
0.90480676947987,0,0.7667916672119417,1,1,31,2848.1014879957856,0.022663995825008172,2,0,15,1,0.8029877387136723,1,0,1
0.9187393062304771,0,0.7822575142955104,1,1,34,32349.57502545009,0.019646369578511666,2,0,6,1,0.795746948382421,1,0,1
0.5159100341193205,1,0.05997986856533722,1,0,31,50000.0,0.7998146531908804,1,2,0,0,0.09818347189507129,6,1,0
0.951459066507593,0,0.9365333889323274,1,1,51,25921.97825704628,0.029413427730254363,2,0,15,1,0.9567887526441046,0,0,1
0.9650313352160796,0,0.9515996821989696,1,1,50,46603.6277122952,0.004717075131982773,3,0,15,1,0.9310272154476609,1,0,1
0.9719358021543641,0,0.9703083039179272,1,1,39,41354.48584734564,0.025565297670634753,4,0,5,1,0.9596295566866301,0,0,1
0.04997353223076064,0,0.44020736731538884,1,0,0,50000.0,0.3766071751836872,1,1,2,0,0.023223950664810644,3,1,0
0.9440963261053664,0,0.8960244922281839,1,1,19,6053.327414714677,0.020790370108530482,4,0,13,1,0.8481972457733556,0,0,1
0.9742971771890493,0,0.7847128466877075,1,1,19,27508.552264259368,0.02930546919571832,5,0,7,1,0.7108074720508799,1,0,1
0.918837366330751,0,0.8921852989882234,1,1,16,7497.4435297267255,0.03342014808952359,2,0,12,1,0.8695708319443567,0,0,1
0.9780476003506751,0,0.7883730513435476,1,1,18,15694.975692762262,0.036958616096336126,4,0,8,1,0.9014210572519096,0,0,1
0.8803783611886279,0,0.8855197587376797,1,1,40,47740.27848730716,0.030503024144358695,4,0,13,1,0.8876434470741809,0,0,1
0.8529969886344719,0,0.8546465313886334,1,1,31,45900.76372984456,0.03564431457160505,4,0,14,1,0.992332611695231,0,0,1
0.922998749625724,0,0.8726767485886302,1,1,35,29442.94651405162,0.02367447005284769,5,0,13,1,0.7994706992027656,0,0,1
0.8958934936225978,0,0.894804892235474,1,1,40,43117.48563643402,0.03792597649176051,2,0,10,1,0.829627911932531,1,0,1
0.9923879221158742,0,0.8310310536503549,1,1,27,14354.603633341505,0.031005631447367017,4,0,12,1,0.8111884784516898,0,0,1
0.19022493774567184,1,0.32019188753451816,1,0,45,10000.0,0.28538199638327333,1,4,2,0,0.3199016469078386,3,2,0
0.2524403226990059,0,0.06226950565387838,1,0,4,10000.0,0.6124138008617221,1,3,0,0,0.196946068565226,4,1,0
0.9624975306902903,0,0.8366232153282622,1,1,15,3965.4540937145484,0.03886715637645893,2,0,15,1,0.9956620508484779,0,0,1
0.9460658818155462,0,0.8003837438480959,1,1,15,40964.113818524726,0.017478180572601695,5,0,15,1,0.7423081899850044,1,0,1
0.9424248550036182,0,0.7928228260231972,1,1,20,29476.664673624786,0.023299257649061367,4,0,12,1,0.9291770170019764,1,0,1
0.9526843110090516,0,0.8348694385522257,1,1,16,13692.643777213156,0.004946225255241116,5,0,10,1,0.964310815575361,1,0,1
0.9420274727094748,0,0.9724448666349672,1,1,53,39989.67141476587,0.023046569553655513,5,0,13,1,0.7047416666320401,0,0,1
0.29158170226068314,0,0.22857680868093863,1,0,5,10000.0,0.4489666790087411,1,5,2,0,0.17707200469870252,6,1,0
0.29853579438993566,0,0.38191065756445297,0,1,0,10000.0,0.33621016790608693,1,2,1,0,0.27972573308791304,5,1,0
0.8626173001835323,0,0.8109168635139283,1,1,53,32604.257622966034,0.03245745250671372,5,0,9,1,0.9288709057118587,1,0,1
0.870203803738502,0,0.9650704715547352,1,1,23,19316.416952876174,0.002763520475061382,3,0,10,1,0.7794421531964739,0,0,1
0.349199235273593,0,0.41816268344809016,1,1,4,100000.0,0.3835703720762027,1,3,1,0,0.06311973443122977,6,2,0
0.9910527118807271,0,0.9842656812199253,1,1,17,32831.235760233685,0.023130003035540414,4,0,12,1,0.73583453077861,0,0,1
0.9130572657257916,0,0.989802318211144,1,1,59,27961.11857335766,0.014227043755591263,5,0,8,1,0.7705291350641978,1,0,1
0.972888907833998,0,0.8732094500171955,1,1,29,15014.618539284338,0.02471298884059313,5,0,8,1,0.9582658505562982,0,0,1
0.35068265682689387,0,0.3049307785952881,0,1,3,100000.0,0.4018753481001994,1,5,1,0,0.05240697289336968,10,2,0
0.9172896712025702,0,0.9570486167594041,1,1,29,16065.808372775293,0.04767101243267151,5,0,6,1,0.9400234207574583,0,0,1
0.13538279137821543,1,0.15725872186031847,0,0,38,10000.0,0.4380656917094371,1,3,1,0,0.304109831687131,10,1,0
0.35326246979374326,0,0.2375813313395931,0,0,2,50000.0,0.4828272567512454,1,1,0,0,0.20668809300500315,4,1,0
0.8994791818499178,0,0.7861310472165117,1,1,46,30206.939464530176,0.008529648426844305,2,0,8,1,0.8743183419101185,1,0,1
0.9730835623959792,0,0.8101882678035673,1,1,30,10465.067668054462,0.023374226971428592,3,0,8,1,0.7722781349242936,0,0,1
0.9330147054830475,0,0.9249805425344119,1,1,24,20626.570270507884,0.027750512296995267,4,0,11,1,0.7462911156168053,0,0,1
0.973332031914071,0,0.9120459324167836,1,1,49,22552.15344842592,0.031896837212332246,5,0,7,1,0.8893196328615662,1,0,1
0.8867194752325218,0,0.790313515712981,1,1,16,44623.46377306784,0.03886793566638461,5,0,8,1,0.8471823746535616,1,0,1
0.2767894510386178,0,0.32654528885359185,0,0,1,10000.0,0.6226465225117613,1,4,0,0,0.22974599328125672,4,2,0
0.9718774510371947,0,0.9340885242867556,1,1,20,23658.334119548752,0.023139946890839255,2,0,7,1,0.9051534053002229,1,0,1
0.9662361855071993,0,0.8741476197115704,1,1,24,48339.9657671233,0.04817899561110769,4,0,13,1,0.7562827878295101,1,0,1
0.9138568785620376,0,0.8717613733447892,1,1,19,6538.656831843021,0.01740065073355353,2,0,9,1,0.8845406769965264,1,0,1
0.9874017767706412,0,0.8075534977237202,1,1,25,28632.9185307912,0.018546114193121938,2,0,8,1,0.9424754416192905,1,0,1
0.3963502053027309,1,0.02043836400064645,1,1,23,10000.0,0.3472378833046662,1,1,2,0,0.05696240175494973,8,1,0
0.9844183123635446,0,0.7750989114124524,1,1,32,42630.96973126193,0.008974603617304372,3,0,12,1,0.8349577899832379,0,0,1
0.9822860825708392,0,0.9167083214226125,1,1,51,17436.036937733654,0.004294310471878643,3,0,15,1,0.703356025926063,0,0,1
0.902911730778744,0,0.9301147882139874,1,1,48,25595.15683217595,0.02434910411524976,4,0,5,1,0.9268882665110352,1,0,1
0.09931890092701809,1,0.5455424253012792,0,1,5,10000.0,0.33110076348531203,1,1,1,0,0.014174633176678702,10,1,0
0.4390036700806735,0,0.45649265694168883,0,1,29,50000.0,0.25110476995922415,1,1,0,0,0.2841566387055875,4,2,0
0.1988783291889036,0,0.34269689160862166,1,1,1,10000.0,0.5736041932922231,1,2,2,0,0.11264020939380616,10,2,0
0.9929462742340155,0,0.9126986474294342,1,1,23,44484.463434886435,0.02446325954153989,2,0,8,1,0.7458070401524262,0,0,1
0.9123525113719644,0,0.8972552052275544,1,1,29,41462.109147397125,0.010832276778216798,2,0,7,1,0.8603135329790832,1,0,1
0.9828833042716301,0,0.8063119510448767,1,1,21,24605.70264592722,0.024004003759727145,3,0,15,1,0.7343335956913389,1,0,1
0.9484110818642595,0,0.8222708954095479,1,1,26,29188.191238862943,0.027545438424520147,4,0,9,1,0.9131598315228033,1,0,1
0.43557694373929184,0,0.006741241025764961,1,1,22,50000.0,0.3414570799634951,1,5,0,0,0.09861843523922362,6,1,0
0.8747617903131718,0,0.9970441061392875,1,1,36,6242.731300039878,0.01243451903939325,3,0,13,1,0.9370089307491747,0,0,1
0.9225202977021546,0,0.8833396468786753,1,1,21,7052.364501589618,0.033232009546310955,3,0,10,1,0.7826905153250104,0,0,1
0.9176387120973992,0,0.8018432188098453,1,1,45,15451.045222262615,0.043000324903130195,4,0,8,1,0.8916266667305311,0,0,1
0.8546604400104759,0,0.8479594274775132,1,1,40,34641.676899578786,0.009066072938292619,2,0,10,1,0.7790426284567953,1,0,1
0.9794146845611317,0,0.750308265627977,1,1,20,25496.096312345988,0.016654708050531892,4,0,9,1,0.9341743412579753,0,0,1
0.4939752968650501,1,0.5218248228628668,1,1,5,10000.0,0.23640193313504945,1,4,2,0,0.29352299717602587,3,2,0
0.9697526219139792,0,0.9894233520038558,1,1,44,9371.737613492314,0.038834433817464514,5,0,7,1,0.9740143319686304,0,0,1
0.06348871661080968,1,0.41039971533831915,1,0,0,100000.0,0.1900555989454478,1,3,1,0,0.07086987083559113,9,2,0
0.9211624067338966,0,0.8138022248997704,1,1,17,35139.5892213897,0.02175438754244216,2,0,5,1,0.7749960262085527,0,0,1
0.8975561366975857,0,0.7590149585693409,1,1,28,24758.368404328176,0.01127964341021055,3,0,6,1,0.8697315701295762,1,0,1
0.9511229600940947,0,0.881273308336216,1,1,35,46117.263899197045,0.005026100070835421,4,0,11,1,0.7217364920787616,0,0,1
0.8826755937825399,0,0.966710515603469,1,1,23,46301.284152328386,0.010367666651322788,3,0,8,1,0.8609845280588356,1,0,1
0.944866935203618,0,0.7898732679402141,1,1,50,14989.313369369305,0.013641798833822867,4,0,12,1,0.7997131405108493,0,0,1
0.18987608544914805,1,0.18879394494421095,0,1,43,50000.0,0.6348638313582797,1,4,2,0,0.01733722972340653,5,1,0
0.8993415475714739,0,0.8738728353171705,1,1,28,28908.774803186825,0.024030457424639384,3,0,11,1,0.9000886490690219,1,0,1
0.9762989816559194,0,0.7638919792267195,1,1,18,18038.2419440742,0.00864972225957969,3,0,13,1,0.9228077700175257,0,0,1
0.8838893436875174,0,0.8594603914189594,1,1,43,20158.871473923933,0.0385386606832685,5,0,6,1,0.754842631129293,1,0,1
0.10117125709894072,0,0.16612819267871853,0,1,35,10000.0,0.4834203928323455,1,5,1,0,0.12512086138934228,6,1,0
0.9245469340690191,0,0.8698056532222445,1,1,21,47240.44463935072,0.015958698588366484,2,0,9,1,0.9998226776163014,0,0,1
0.2683193789541211,0,0.14920073998939523,1,0,2,10000.0,0.3712364557908245,1,1,2,0,0.06154741224835208,10,1,0
0.897949835144063,0,0.8234901177311428,1,1,40,25965.4523347591,0.03218702327121366,4,0,13,1,0.7855663256481602,1,0,1
0.9878364584215135,0,0.9388428853063269,1,1,57,10264.191856780362,0.027167570871187888,4,0,13,1,0.8562571476116703,1,0,1
0.9182676763617643,0,0.8790219503142781,1,1,51,4446.103163594531,0.005580018412461335,3,0,11,1,0.7181585352479608,0,0,1
0.9594115689398957,0,0.9496874569404402,1,1,15,42624.46481551853,0.0496549431358818,4,0,6,1,0.944174705112871,0,0,1
0.9526000155341584,0,0.8970365870285175,1,1,36,35469.55020735867,0.029714721400691025,3,0,11,1,0.868940663075533,0,0,1
0.9491302293887199,0,0.8579202702942561,1,1,24,23979.073748066505,0.020721363555407043,4,0,12,1,0.7953167004427881,1,0,1
0.9381282670793312,0,0.9160862171085635,1,1,33,38293.798867667574,0.049883369616931794,3,0,10,1,0.7607215838511286,0,0,1
0.9393570662028591,0,0.8078201349217131,1,1,53,14175.896314967767,0.030538506661770916,5,0,7,1,0.8188499500177746,1,0,1
0.027562198264033697,1,0.13627867794183202,1,0,39,100000.0,0.32389625393824606,1,2,1,0,0.08393369050632285,7,1,0
0.11271643520251318,1,0.029343040289850034,1,1,50,50000.0,0.49547807569778657,1,3,2,0,0.20831334061618573,6,2,0
0.9338863343051427,0,0.7502481160126573,1,1,16,49561.56051709104,0.03911419617517797,2,0,8,1,0.9706909614754082,1,0,1
0.9749255581992269,0,0.8258005191586479,1,1,58,49309.81287257638,0.04925233483604355,3,0,15,1,0.9395345034484173,1,0,1
0.8710269613304997,0,0.9899203047935318,1,1,29,32799.69945743634,0.03549631890712909,4,0,11,1,0.9459433324557065,1,0,1
0.961686963927705,0,0.8632175414280046,1,1,56,20932.444619484544,0.02827329581381188,5,0,10,1,0.7677325582198798,0,0,1
0.870182831261972,0,0.8840170089869093,1,1,29,43163.46291788276,0.023139968279675793,4,0,13,1,0.891868981371133,0,0,1
0.8751549279516672,0,0.7518767582,1,1,16,40280.520112676124,0.04195869331171623,3,0,7,1,0.9323007703549153,0,0,1
0.9917207757916058,0,0.861316366499847,1,1,19,42373.763096207425,0.04955001240382443,4,0,8,1,0.9398537817154686,0,0,1
0.2500206141408043,0,0.5131913828131446,1,1,2,50000.0,0.4206037676756702,1,4,2,0,0.1016646170501141,9,1,0
0.112518867943325,0,0.46345708236879424,1,0,1,10000.0,0.28567247423402437,1,3,0,0,0.16192061181895584,6,2,0
0.8904849015934513,0,0.8994448351575095,1,1,51,13734.840439320298,0.044140466607229006,3,0,8,1,0.8338095157689673,0,0,1
0.97295901567171,0,0.9498386437642847,1,1,54,13948.193564356101,0.035480975494295616,5,0,6,1,0.9808835478413997,1,0,1
0.9903072054349742,0,0.8669100641566492,1,1,18,20105.887178384186,0.019705349129655932,2,0,13,1,0.7488614501663664,0,0,1
0.9021510452253855,0,0.91563239859155,1,1,50,48108.174200318,0.018545616077083462,4,0,11,1,0.9436368883561177,0,0,1
0.9706001740394601,0,0.7753587627136053,1,1,52,29135.194256237282,0.002148756282344944,3,0,5,1,0.9088349072839038,0,0,1
0.9464205646500372,0,0.9929985856754426,1,1,18,13984.178188823671,0.006974942398109496,2,0,5,1,0.7679192621234002,1,0,1
0.9976277897421999,0,0.8380126685598095,1,1,31,24748.771406627744,0.049331437343161505,4,0,7,1,0.8237124742891674,0,0,1
0.9019095734357102,0,0.8669131131125531,1,1,18,40235.44303052919,0.013035189066797232,2,0,9,1,0.773905672534968,0,0,1
0.9386715724166457,0,0.9201786316998766,1,1,51,17263.57265369837,0.025226311851111505,3,0,13,1,0.9553394880466618,1,0,1
0.2819939594001316,0,0.19712401087615258,1,0,30,100000.0,0.635077602088304,1,5,2,0,0.30654560770028333,9,1,0
0.29132544531308247,0,0.24873546064484428,1,1,40,10000.0,0.4684581399717008,1,5,2,0,0.07897833751910033,6,1,0
0.4299992222787173,0,0.4167440864469598,1,1,3,50000.0,0.31309125876869304,1,3,1,0,0.05380734782109467,9,1,0
0.9084001008387474,0,0.8117668968201798,1,1,34,16271.817253113539,0.010509628487551194,5,0,15,1,0.760944872550219,0,0,1
0.9245635992709897,0,0.8158874156692476,1,1,35,33156.87676098272,0.024884856473705298,3,0,13,1,0.7219123824285276,0,0,1
0.9596703964979193,0,0.9457400325065213,1,1,58,7021.52464662921,0.045198664543902006,4,0,12,1,0.9394292307454999,1,0,1
0.8715846253826876,0,0.7534840719270504,1,1,23,8327.46645375301,0.03388293368064287,2,0,15,1,0.8518989794861899,0,0,1
0.4653620353359787,1,0.3662195384959129,1,0,2,50000.0,0.37079442155518155,1,4,0,0,0.30406102153123665,8,2,0
0.9773467633937281,0,0.868117169391122,1,1,48,16986.285100259756,0.04847292918627938,4,0,6,1,0.8106965659901034,1,0,1
0.9064704151609548,0,0.8450588959748261,1,1,27,41122.1515235885,0.01604184479699086,3,0,10,1,0.981863452233863,1,0,1
0.05060693666298677,0,0.04120693294270782,1,1,47,50000.0,0.41192578215082876,1,2,1,0,0.2062506962826198,10,2,0
0.9128671478974456,0,0.9915579780357955,1,1,22,46785.11463681014,0.04021804578064854,4,0,9,1,0.9354290347756562,0,0,1
0.45803223248597,0,0.037708063835666106,1,1,5,10000.0,0.7230160799118485,1,4,1,0,0.11288774767860045,6,2,0
0.5839535940585905,1,0.16700482399597336,1,0,4,10000.0,0.36003333399455606,1,3,0,0,0.04760960582731727,6,2,0
0.9126614929544259,0,0.8143430782637865,1,1,32,9286.4831877839,0.017596497151148305,4,0,11,1,0.8240224733169575,1,0,1
0.8627462129688608,0,0.9590289461479636,1,1,27,12857.06671049898,0.026240559380460188,5,0,12,1,0.9880678013568904,1,0,1
0.9872707605617649,0,0.9501782433886317,1,1,60,25242.248685443094,0.03896787723929027,3,0,9,1,0.9411648220926621,0,0,1
0.906510291731282,0,0.9566905899737368,1,1,29,22562.84700039035,0.03448809242220435,2,0,7,1,0.8108714819070273,1,0,1
0.9980968929935716,0,0.7876495718107509,1,1,35,34361.36923735117,0.01698679738745152,2,0,8,1,0.8425916853650812,0,0,1
0.9620666309031116,0,0.7826879533440796,1,1,28,46971.549830285774,0.030326605020397236,5,0,6,1,0.9140759829722251,1,0,1
0.9586018378276522,0,0.9593458695763564,1,1,19,44339.73005302901,0.03987586020265896,2,0,14,1,0.909528566373652,1,0,1
0.951871805265834,0,0.7635135779046498,1,1,55,49076.3584596009,0.03695373145082062,5,0,5,1,0.7659980317981784,0,0,1
0.8914858020485354,0,0.7575524870605176,1,1,20,10470.08679052672,0.0025902557819936726,5,0,12,1,0.8050129667118936,1,0,1
0.9853734951134379,0,0.9572718958339757,1,1,26,31767.039558346278,0.03196063299682508,4,0,10,1,0.704944660178847,1,0,1
0.8554645293524324,0,0.8890475741994474,1,1,47,43296.6027575256,0.03241988426016806,2,0,10,1,0.7564312684364054,0,0,1
0.9630656019465933,0,0.8212806001037972,1,1,38,42593.571231054666,0.026003595613074405,3,0,8,1,0.8339168476431128,1,0,1
0.9885674974139771,0,0.8594974007300932,1,1,28,2110.821084163616,0.0496684249205589,4,0,8,1,0.7186189319620465,0,0,1
0.9831642513570831,0,0.9075379923185962,1,1,47,22572.460076043993,0.0232200813158596,4,0,11,1,0.9468807631579291,0,0,1
0.9281008603707307,0,0.8597278650762616,1,1,28,41662.01236132917,0.04480803859198834,2,0,10,1,0.8662108430617148,0,0,1
0.9693692507207968,0,0.8603038761528452,1,1,44,11070.098442544964,0.04282480004507959,2,0,13,1,0.7270410946114799,1,0,1
0.9283376340973558,0,0.8035816007137466,1,1,35,11046.766544590468,0.017207053903167402,2,0,7,1,0.9841959387188813,0,0,1
0.8605171648066275,0,0.8937051828100289,1,1,32,31485.528822635762,0.02236378434541346,3,0,8,1,0.8415642137288468,0,0,1
0.8725194335123886,0,0.9576759846864829,1,1,58,24927.140939502595,0.04431674119665118,2,0,6,1,0.9055643858098399,1,0,1
0.8730402748806637,0,0.7658321196756395,1,1,21,29291.346305779298,0.04562243981478209,2,0,7,1,0.8877968670097243,1,0,1
0.99800678686723,0,0.8645940727903781,1,1,15,28976.440386217655,0.006328189606198015,2,0,12,1,0.8523030992385333,1,0,1
0.28499847042862436,0,0.037017238867948055,1,1,1,50000.0,0.5062387463977113,1,3,1,0,0.020144612580384084,6,2,0
0.5476421407086757,1,0.4859532734382389,0,0,22,50000.0,0.6243822986914725,1,1,0,0,0.07396892764169238,4,2,0
0.9818453308579687,0,0.8341677018993431,1,1,15,38314.25424329155,0.016405040459509978,4,0,15,1,0.9075638979000847,1,0,1
0.8642643622344902,0,0.9314289070678567,1,1,41,46925.11148963005,0.0068703965018901084,2,0,15,1,0.940265252825529,1,0,1
0.9036523947288961,0,0.8696012315216695,1,1,51,15124.62570208028,0.015416660197642214,2,0,9,1,0.8650719075724773,0,0,1
0.985499180794608,0,0.930173986679588,1,1,28,39536.248195432505,0.04334007191309633,5,0,5,1,0.9197240508981364,0,0,1
0.8521187100215236,0,0.9819171006135554,1,1,42,3898.8900027292066,0.005412472073742853,3,0,13,1,0.7821718505818135,0,0,1
0.9617156391725131,0,0.955126485964651,1,1,22,15817.03405031139,0.005892195045291555,4,0,15,1,0.8508624810941059,0,0,1
0.9754456435825357,0,0.9972832506709014,1,1,59,42275.347082322245,0.04951608321631363,4,0,12,1,0.8344736839763053,0,0,1
0.3829240431476176,0,0.21783241963101008,0,1,5,50000.0,0.4144758739446549,1,4,0,0,0.030269468685884576,9,2,0
0.3572998235460708,0,0.0926143067549568,1,0,35,50000.0,0.5498995328479399,1,2,0,0,0.23202469519621652,5,2,0
0.8690402885186379,0,0.9489471412917425,1,1,28,28087.788563833314,0.044946078816025685,4,0,7,1,0.9114514969129542,1,0,1
0.9681195811947253,0,0.9580300188204965,1,1,56,21999.967905914247,0.016077284112044978,5,0,7,1,0.9404168301528169,1,0,1
0.8780038177421898,0,0.9844263581339949,1,1,27,14248.952590090024,0.035558139909707874,3,0,11,1,0.8353896755029916,1,0,1
0.35682160315056016,0,0.3184588603845978,1,1,22,50000.0,0.48001074829653056,1,2,2,0,0.14980986355359016,3,1,0
0.8565212593019188,0,0.795374602399131,1,1,55,13970.603639946168,0.028561632587138636,2,0,15,1,0.7147762359782781,0,0,1
0.27550622196369123,0,0.010845419206317175,0,1,5,10000.0,0.19742487175408824,1,4,0,0,0.15791595593673635,9,1,0
0.913765394798846,0,0.9698529333719212,1,1,23,44899.67017838106,0.021298548240642465,3,0,13,1,0.8507536148005438,0,0,1
0.28709606288489087,0,0.4266491977122529,1,0,33,50000.0,0.37250475406094385,1,5,1,0,0.04686117428131357,9,1,0
0.26368905994733544,0,0.5041822929469424,1,0,38,10000.0,0.2638705082131882,1,4,0,0,0.1672132893735338,5,2,0
0.9385480376324723,0,0.8492350169369585,1,1,20,44554.76298424972,0.009379684096974567,3,0,12,1,0.802578081563698,0,0,1
0.9669804765808467,0,0.8615182232300566,1,1,23,31386.60841250972,0.0017587991092209876,5,0,8,1,0.7617459379039022,0,0,1
0.8909780787251315,0,0.7626299240930012,1,1,35,16148.249273732625,0.033181052333017595,4,0,15,1,0.7054481631743091,1,0,1
0.9343494241626615,0,0.9132725165760457,1,1,40,39361.3025973544,0.020764070686939574,4,0,5,1,0.7046742100127574,0,0,1
0.5124532479793266,0,0.4530209694035104,0,0,3,100000.0,0.6430905831450686,1,4,1,0,0.1450918084316116,9,2,0
0.8996876590466992,0,0.8635447529255673,1,1,17,11264.361735620783,0.027086928583161418,2,0,7,1,0.9066691023966506,0,0,1
0.9563293117661218,0,0.9998475091286317,1,1,40,9730.192775357116,0.03370721504465673,2,0,11,1,0.8769369951567576,0,0,1
0.9344448867002333,0,0.979789974733328,1,1,51,7512.064372733549,0.02781092263620873,3,0,8,1,0.9405720500472246,0,0,1
0.8984810934239175,0,0.8977694042384589,1,1,21,34964.190009989965,0.04525963781067313,4,0,9,1,0.8976276967620327,0,0,1
0.8776465003134786,0,0.9088853232432695,1,1,56,46365.45841659492,0.0382362109570879,3,0,9,1,0.9248544932614811,0,0,1
0.9069997591770838,0,0.8939554012675875,1,1,55,31319.578422366547,0.014812736768965273,3,0,5,1,0.9372020774933829,0,0,1
0.9432793045981511,0,0.9025838471975449,1,1,22,8483.830026441155,0.03467702347933598,4,0,11,1,0.9047764366650649,1,0,1
0.9385319911516937,0,0.7866090436392449,1,1,54,19030.49211860475,0.0006496674335898123,4,0,13,1,0.7991801662422934,0,0,1
0.007707749133536534,0,0.4459807098508442,1,1,22,10000.0,0.3825255890202276,1,5,0,0,0.2996553568722588,3,1,0
0.8501236925252028,0,0.8996321222608166,1,1,28,7941.791893622609,0.009306937705211944,3,0,10,1,0.7210700112660109,0,0,1
0.9592722800352897,0,0.7607938062642211,1,1,56,37015.764217327,0.04744368785745627,2,0,8,1,0.8414920571873136,1,0,1
0.864142908023201,0,0.9668257601252953,1,1,20,41840.92059963335,0.04879487701839482,4,0,11,1,0.9830147053833558,1,0,1
0.014218441271240834,0,0.02383825237269516,1,1,46,100000.0,0.483917051758585,1,3,1,0,0.08835794054380688,6,2,0
0.9887052500829833,0,0.9556457726543579,1,1,25,19889.712382723243,0.0024349236156925636,2,0,9,1,0.9025916886002452,0,0,1
0.9726723890866252,0,0.9481062750837946,1,1,31,35813.99782560401,0.003912950384178509,3,0,13,1,0.9885499021577102,1,0,1
0.948600094265256,0,0.930054007250666,1,1,23,39931.67145869288,0.031238031734229583,4,0,15,1,0.8818589286663432,1,0,1
0.9460562514876498,0,0.8865348733502408,1,1,52,20850.819867796617,0.015666270554724,2,0,14,1,0.8136527670919326,1,0,1
0.8855593115476995,0,0.9574374775312279,1,1,36,38500.24088886164,0.023627799166842857,4,0,10,1,0.8859158168138921,0,0,1
0.962009757225707,0,0.879143626210753,1,1,46,21011.13206136739,0.002062651625328127,4,0,12,1,0.8964987772604393,0,0,1
0.8949117242224787,0,0.7618460584543997,1,1,37,22641.27534298502,0.044167263535148396,2,0,5,1,0.8722166517345464,0,0,1
0.9756425939283231,0,0.8710960648003627,1,1,37,2791.5804309271957,0.02367377009971633,2,0,5,1,0.9115377837997666,0,0,1
0.8868813380507587,0,0.9324538115757166,1,1,19,6693.823877381268,0.023411570284679203,5,0,6,1,0.7556125818407456,0,0,1
0.41360211635273575,0,0.18760612168268181,1,1,1,100000.0,0.574047087063512,1,4,1,0,0.1610715760400873,10,1,0
0.9998242916432207,0,0.8059864163984896,1,1,48,14020.788163130635,0.013143566607989134,3,0,12,1,0.9980567569437528,1,0,1
0.9281155911938753,0,0.8350347384221198,1,1,49,9564.872637846962,0.005175513415502925,5,0,12,1,0.9015662757296475,1,0,1
0.49693501638859294,0,0.07993574117492823,1,0,2,100000.0,0.538268347162438,1,1,1,0,0.23862626968937692,5,1,0
0.9529244373422725,0,0.9131716837173138,1,1,15,49972.25164276102,0.025822970131782048,5,0,6,1,0.9183529896906155,0,0,1
0.9229067874341309,0,0.8590341056622763,1,1,19,27042.282280920328,0.021557547857055756,3,0,8,1,0.9694360241503284,1,0,1
0.911028375908624,0,0.9856261548083703,1,1,41,21737.752498346836,0.03336984440493987,5,0,10,1,0.9260381618309025,0,0,1
0.3973612822987718,0,0.10675593079182776,1,0,43,10000.0,0.16218788137858145,1,4,1,0,0.3019543846420271,9,1,0
0.9072115342604353,0,0.7597277051935537,1,1,25,6428.366764897884,0.027127203552376317,4,0,7,1,0.8270756044884359,1,0,1
0.5274023308816316,0,0.18308544397772564,1,0,1,50000.0,0.7541343273405045,1,2,1,0,0.035419806074371125,5,1,0
0.9060421207689358,0,0.8809382371794093,1,1,56,42006.01058185087,0.002598093323255213,2,0,9,1,0.7297339424739626,1,0,1
0.8905802411365263,0,0.8410480044430135,1,1,39,9565.359133999984,0.007389168627109583,3,0,5,1,0.831371211159626,1,0,1
0.9092851980638341,0,0.9367689501574716,1,1,22,11064.148182830671,0.009774791369829366,3,0,11,1,0.8438251224417673,0,0,1
0.9343792181133967,0,0.8893996477813637,1,1,56,13899.281111896778,0.003797418295260374,5,0,6,1,0.7986356793430309,1,0,1
0.9297116561506866,0,0.7762449289740176,1,1,16,46032.20828248045,0.031541612018237124,3,0,9,1,0.8016566906828815,0,0,1
0.8802022478579072,0,0.9823932288918054,1,1,39,46398.19868993338,0.0475964395040454,2,0,10,1,0.9289057890330243,0,0,1
0.8788471060413534,0,0.7858375175523846,1,1,48,35833.9264626617,0.026517250880542593,5,0,6,1,0.9005482870973052,0,0,1
0.9472672255881469,0,0.945709538763946,1,1,42,25785.670599322064,0.030867354996284305,4,0,7,1,0.7646712130990655,0,0,1
0.9915920688793894,0,0.8566989054160945,1,1,25,6719.196374041493,0.0021478813687822286,5,0,8,1,0.9283064718944489,1,0,1
0.9278287540579674,0,0.8289822629576983,1,1,16,33759.74063205253,0.018682886443685504,5,0,14,1,0.9240368834047078,0,0,1
0.14270123092907466,1,0.5335750811810323,1,1,31,50000.0,0.6637686244246223,1,4,0,0,0.3025576336750749,7,1,0
0.943654336767584,0,0.8689781086643821,1,1,34,21859.631599311535,0.02350911366015081,4,0,8,1,0.8319559901774933,0,0,1
0.8685630705475517,0,0.9818906377516269,1,1,18,16445.53720548511,0.024429202267576666,3,0,10,1,0.9866869771140909,1,0,1
0.908179603762393,0,0.9530742366175715,1,1,40,24483.45534155232,0.04462421686048299,4,0,8,1,0.7511174527475875,0,0,1
0.9799413660123959,0,0.9805973934989076,1,1,45,11728.533817650441,0.034262371605286,4,0,15,1,0.9833588997557878,1,0,1
0.9439018721411585,0,0.8401643336125636,1,1,59,37361.873047146575,0.04432014433618539,4,0,6,1,0.8510898775549297,1,0,1
0.4517314821946985,0,0.3352188878992355,0,0,1,100000.0,0.30579570554672897,1,1,0,0,0.028006798934313345,4,2,0
0.25485461611235405,0,0.23546240980077338,1,1,40,100000.0,0.6094058673810714,1,3,1,0,0.1300258308393529,10,1,0
0.9937772940963179,0,0.9275042200136558,1,1,19,37711.74668935956,0.026580645934771968,4,0,6,1,0.8348596723370563,0,0,1
0.8778486543426055,0,0.7977212866430559,1,1,29,10535.094274186054,0.04408597116373853,4,0,8,1,0.7273394336279148,0,0,1
0.9557908614216477,0,0.7667889194337432,1,1,42,33379.06268369219,0.01695079287866302,2,0,11,1,0.728206360650649,1,0,1
0.9322596604052077,0,0.8054558255436695,1,1,33,47185.61126097185,0.0054154060594497015,2,0,12,1,0.7439640479530422,0,0,1
0.9456413470343574,0,0.7627083654871193,1,1,42,24512.243792608264,0.04483776857953492,5,0,8,1,0.7180992455722665,0,0,1
0.003251879890918774,0,0.06415525310930234,0,1,3,10000.0,0.6213251977349352,1,2,0,0,0.1152177848728319,9,1,0
0.9133742625877228,0,0.8900934739919683,1,1,30,15850.544334125701,0.01206571689887644,3,0,15,1,0.8489694691441563,0,0,1
0.8709628725413965,0,0.7999770506187771,1,1,52,39772.37012010264,0.03324254282960161,2,0,10,1,0.9342187093065903,1,0,1
0.5446812316574758,1,0.07242221362043666,1,1,47,100000.0,0.5688427933160164,1,4,0,0,0.33780189506991026,9,1,0
0.8917033159901221,0,0.9257583664247231,1,1,39,49126.6854820417,0.031017885482902203,4,0,14,1,0.9284297689552024,0,0,1
0.9702702724983836,0,0.9836708069668525,1,1,42,32637.77714780209,0.025746986078638637,3,0,12,1,0.8294078808614522,1,0,1
0.2791008815021059,1,0.15345539187776952,1,1,5,10000.0,0.33403779965188224,1,3,2,0,0.24005355589908656,8,2,0
0.0036348702781510366,0,0.23683544636445877,0,0,0,50000.0,0.5760693895633294,1,3,0,0,0.34917700794252865,10,2,0
0.8977096220663019,0,0.8365536138402729,1,1,27,30628.758458760407,0.015734995681856656,4,0,12,1,0.9082135039558441,0,0,1
0.9681384754344009,0,0.7962948362383919,1,1,22,6890.919551098154,0.03264610632819992,4,0,8,1,0.8538196192900334,1,0,1
0.17324462114388173,0,0.5015293704668609,1,0,25,50000.0,0.6353711695896689,1,4,1,0,0.005388829236199449,5,2,0
0.9860655433234322,0,0.7611622722435697,1,1,44,16018.847855097361,0.02450987712007932,2,0,15,1,0.8479869927552,1,0,1
0.927378915697918,0,0.8807919901860949,1,1,53,31763.883519356586,0.015553191755229496,5,0,5,1,0.7400487505275554,0,0,1
0.8872441371827939,0,0.8641368307485131,1,1,29,40894.52265312639,0.0188918822096412,3,0,14,1,0.8780546777326577,1,0,1
0.18106157911169765,1,0.5167387719888229,0,0,29,50000.0,0.5717505070958471,1,2,2,0,0.12823025421832163,5,2,0
0.8765853251873909,0,0.919523515219957,1,1,60,3932.1795171163403,0.02248163442113403,5,0,8,1,0.9248855856768603,1,0,1
0.9392784028188139,0,0.997811157035007,1,1,59,11095.58130498636,0.006196294637675748,3,0,9,1,0.878933529808082,1,0,1
0.9831134347205105,0,0.7622188442127189,1,1,25,19026.815417434416,0.0324298395735216,5,0,11,1,0.777922675625991,1,0,1
0.9107491092243726,0,0.9522424006266872,1,1,34,5875.293440131477,0.032583473396749704,5,0,15,1,0.8902703301900184,1,0,1
0.39238388803015883,0,0.276737368019761,0,1,39,10000.0,0.7126965729804381,1,4,0,0,0.12813698177575727,10,1,0
0.880553402362027,0,0.7778803359928639,1,1,52,49953.92084026655,0.020615536342861736,2,0,7,1,0.9858786371878043,0,0,1
0.8637339751555854,0,0.8315406605008915,1,1,35,20876.006451232002,0.037116632742697324,2,0,11,1,0.8712191818360738,0,0,1
0.8867888459534814,0,0.9275613003339966,1,1,21,43979.60671306744,0.01696610728682805,5,0,10,1,0.7745219211596954,1,0,1
0.02827494995734343,1,0.15779160310777265,1,1,1,100000.0,0.29744696501095114,1,1,1,0,0.29247164066866355,10,2,0
0.9415727601012682,0,0.8013475744181017,1,1,51,46623.99780413864,0.00499155285883951,5,0,13,1,0.7345979314332963,0,0,1
0.8628336461527589,0,0.827805777301056,1,1,30,22833.70955630317,0.035384045504003835,2,0,6,1,0.8812921911396764,1,0,1
0.0871634804196213,0,0.3312511704412861,1,0,30,10000.0,0.3734741913260029,1,3,2,0,0.25989917161447795,5,1,0
0.9558695505444232,0,0.8254412166742326,1,1,39,4165.50779404537,0.04679370510055403,5,0,13,1,0.7352513146757804,1,0,1
0.9578034507256786,0,0.761840943324822,1,1,57,3224.075070089498,0.029980944975643454,2,0,8,1,0.9800165070534792,0,0,1
0.8762211079349508,0,0.8048948980505228,1,1,48,47243.28321508822,0.0367073172880459,3,0,6,1,0.9578683400256693,0,0,1
0.9545087417911831,0,0.9647415624233576,1,1,57,46456.745421193446,0.0013008701775785005,2,0,8,1,0.7230221279679091,1,0,1
0.10312161853881094,0,0.47748515459098734,1,1,41,10000.0,0.6589583430469478,1,5,2,0,0.16669959007928836,6,2,0
0.9523872397313831,0,0.7873435390920377,1,1,31,10565.204567447883,0.00997709964497452,5,0,15,1,0.9737748232425794,1,0,1
0.9761044255800642,0,0.8491381807072118,1,1,56,13807.08887314977,0.02458051671487272,3,0,11,1,0.9685492353321219,1,0,1
0.9831356632732065,0,0.8486574720375206,1,1,43,31219.574187115843,0.029049468687402536,3,0,9,1,0.8805324267603125,0,0,1
0.969328780163615,0,0.8974062132263291,1,1,55,20850.08281092434,0.0016433835133234488,5,0,10,1,0.7116167803686988,0,0,1
0.916347119060184,0,0.825481847860623,1,1,38,39502.11370071276,0.005529420549805525,5,0,9,1,0.9637600072923236,1,0,1
0.9328499125361049,0,0.8523755842160972,1,1,32,22752.100292842777,0.041335745980109334,4,0,9,1,0.9796330779446085,1,0,1
0.9118387894696113,0,0.9399107630765987,1,1,22,45478.00893988449,0.025010482465667606,2,0,6,1,0.9549190574203681,1,0,1
0.9399074187281266,0,0.9686405102093661,1,1,17,16895.53629920455,0.03887024191205888,2,0,8,1,0.8502223558607027,1,0,1
0.8919454493653796,0,0.7580108973445443,1,1,46,19938.464138352865,0.03256674993700232,4,0,13,1,0.7041332065882151,0,0,1
0.9764587361448627,0,0.7642044195999953,1,1,18,20073.859174235924,0.015166881634109931,5,0,11,1,0.9988047265307581,0,0,1
0.4758476596170127,1,0.5490407731684128,1,1,2,100000.0,0.710610938539261,1,1,0,0,0.014723254718571343,7,1,0
0.90328267511818,0,0.8372151630115994,1,1,28,24392.444630640468,0.018064944942634154,4,0,6,1,0.8715851876923608,1,0,1
0.9929808287357783,0,0.7908942194275275,1,1,32,11970.428160873884,0.012659230306330078,4,0,14,1,0.7356859932220634,0,0,1
0.9440428510648403,0,0.8470384586445163,1,1,26,27627.4703706739,0.03859302704219629,3,0,5,1,0.8762558477667521,0,0,1
0.24603030797758652,1,0.46503596583302526,1,0,2,50000.0,0.3880411051201673,1,3,0,0,0.24035346984531794,8,1,0
0.9464751315310083,0,0.9124568556408196,1,1,37,19842.14047181763,0.002283114271835307,3,0,7,1,0.8298994645509441,1,0,1
0.9141854820522025,0,0.902746886759157,1,1,33,21766.92303610737,0.020439155471434857,4,0,14,1,0.8764918745227025,0,0,1
0.09937030832424039,0,0.33406199938622355,0,1,2,10000.0,0.33265819487599346,1,2,0,0,0.07822451737593764,6,2,0
0.9294437861439225,0,0.9266739803283065,1,1,19,6469.247881209483,0.04222043070827866,4,0,10,1,0.9294436001833386,0,0,1
0.492824481796605,0,0.26907598695449453,0,1,46,10000.0,0.6638909678861402,1,5,2,0,0.343441787760396,8,2,0
0.9114551614823492,0,0.7954857388191882,1,1,21,23525.996588905182,0.0008128554946359224,4,0,10,1,0.944729083478624,1,0,1
0.8832606981455648,0,0.9335041399471807,1,1,56,30485.90108431872,0.029568130487585487,5,0,8,1,0.8338750063483928,0,0,1
0.9492874772090343,0,0.8892580380853196,1,1,38,33887.0499357146,0.02031934307200353,5,0,9,1,0.7500918759723111,1,0,1
0.9985417130639131,0,0.8816933078405769,1,1,30,43278.586097677085,0.04664667292267526,4,0,8,1,0.8585625186827358,0,0,1
0.8853995893930828,0,0.9407888724549751,1,1,17,25900.728933866605,0.03214992116704163,5,0,5,1,0.9996488912000976,1,0,1
0.02521838485919532,0,0.08692766011536533,1,0,31,50000.0,0.7782095564474495,1,5,1,0,0.18120892547595713,7,2,0
0.9339584268666539,0,0.8264593101031418,1,1,29,6583.20377404244,0.03560005134160257,5,0,5,1,0.9745979583069885,1,0,1
0.8820746231916996,0,0.9750228195359206,1,1,34,3871.010121791379,0.024730011198722646,3,0,11,1,0.7715399331147227,0,0,1
0.9280412672110854,0,0.9499676026909591,1,1,26,42194.353392563295,0.024707082325871172,3,0,5,1,0.7216177441218831,0,0,1
0.8696381968219749,0,0.7629303729165977,1,1,48,14758.851837203152,0.025203195328227547,5,0,5,1,0.8270965361651815,0,0,1
0.4868285709136588,1,0.10913146571884788,1,1,5,50000.0,0.3206504901718481,1,4,1,0,0.21383216159267765,3,2,0
0.4176245768544558,0,0.49053851101299917,1,1,0,10000.0,0.5498731999146197,1,3,2,0,0.12658963625775255,8,2,0
0.8506004743664168,0,0.7857991844357803,1,1,26,11549.922156473363,0.011288921828985516,2,0,8,1,0.7982536234939447,1,0,1
0.9655289670306783,0,0.8342141359583172,1,1,25,33607.07688287801,0.04147977045428525,4,0,15,1,0.7660473673456899,0,0,1
0.10990836218020576,0,0.10411849756031304,0,0,40,10000.0,0.5661113112703622,1,2,1,0,0.22755701215728819,6,2,0
0.9356751043083611,0,0.9985194431130946,1,1,55,11983.907538006108,0.02594573212435421,2,0,13,1,0.7267126015225159,1,0,1
0.9575529209144333,0,0.8125427632012574,1,1,54,16859.445729438812,0.010013541504507157,5,0,14,1,0.8534593409912943,0,0,1
0.8784207038626428,0,0.7824803763338679,1,1,46,12891.648754442438,0.033490699734125516,3,0,15,1,0.9498034588173512,0,0,1
0.9688406255755604,0,0.9382683184051275,1,1,36,40677.08952043047,0.012363354153972224,5,0,10,1,0.789223587728074,1,0,1
0.33038487649164167,0,0.534366868699431,1,1,33,50000.0,0.44561529225608243,1,5,0,0,0.02252214376122527,5,1,0
0.3039268669938032,0,0.3304671570238662,1,1,0,10000.0,0.6959571612281724,1,3,2,0,0.2203307999912031,5,2,0
0.900853543887974,0,0.9259444236350561,1,1,29,6491.981376241892,0.04440143791137755,2,0,12,1,0.7599384791974397,1,0,1
0.19326360064035755,0,0.01404251042614767,0,1,44,50000.0,0.18017562910545443,1,4,1,0,0.21524571703237577,4,1,0
0.8677008853180773,0,0.9904744161373786,1,1,31,35585.94242291598,0.01329349807297598,5,0,13,1,0.9336252711897384,1,0,1
0.9587774981276304,0,0.927022808920897,1,1,28,17223.35221423898,0.04450097285588478,4,0,6,1,0.7378079025239879,1,0,1
0.4151156843833993,0,0.29232463250780827,1,0,47,10000.0,0.5402121548115159,1,5,0,0,0.1324773087710206,8,2,0
0.9623761235973299,0,0.8333874816195889,1,1,34,8106.846170807744,0.009435610501445963,3,0,10,1,0.8338847015741324,1,0,1
0.9997342721676781,0,0.8731157292501083,1,1,43,30601.18163508729,0.00595120749910843,2,0,8,1,0.7986339733917212,0,0,1
0.9996370055894376,0,0.9252202525301646,1,1,48,20833.716460246113,0.045764938014277744,4,0,7,1,0.7403100739939185,0,0,1
0.89961036130823,0,0.9825961543972876,1,1,37,24116.94105149918,0.035577902079838894,2,0,7,1,0.7142122060016445,0,0,1
0.856894487401021,0,0.838053123391281,1,1,37,2885.0145380093027,0.021958925660296738,4,0,10,1,0.8831212327522922,1,0,1
0.9675736164063571,0,0.8595965646460482,1,1,54,49745.68394888119,0.0337298738489512,3,0,7,1,0.9707661907657696,1,0,1
0.9891955912248737,0,0.8729531453532275,1,1,59,30895.854249321415,0.03687575686488629,4,0,6,1,0.8547062315565916,0,0,1
0.504150612376687,0,0.010027090143940999,0,1,5,50000.0,0.677537883987831,1,5,0,0,0.04361358892783922,8,2,0
0.2690146543970752,1,0.36749156227254065,1,1,42,10000.0,0.7944087317756537,1,4,0,0,0.09180190625158516,9,1,0
0.9926919921409927,0,0.8595790773536219,1,1,46,8241.199760859345,0.025060456676923228,3,0,15,1,0.980665257021796,0,0,1
0.436230388901163,0,0.37884471598239655,1,1,49,100000.0,0.6460902400819002,1,2,1,0,0.09576228146291943,10,1,0
0.23094746832062607,0,0.37064013492420045,0,1,33,50000.0,0.16472509201015928,1,4,1,0,0.31322125883493224,5,2,0
0.9714904710567562,0,0.9203431792913105,1,1,36,48035.52022783932,0.03536335970976704,3,0,6,1,0.9913783948806605,1,0,1
0.5318402515156627,1,0.49261964659008356,0,1,0,10000.0,0.5482824018552126,1,5,2,0,0.31992120311425803,4,1,0
0.8851338514316592,0,0.8430196028790063,1,1,25,12566.291851188556,0.023337646295947003,2,0,5,1,0.9988795188817401,1,0,1
0.9539157353882495,0,0.7562600507512959,1,1,25,24258.546943836453,0.0015497394240567232,3,0,13,1,0.9034931825205125,1,0,1
0.8649793715741094,0,0.8010993417703574,1,1,34,3110.724539933429,0.04896123168536398,4,0,15,1,0.915793760107247,0,0,1
0.9971914785989909,0,0.904415060042499,1,1,44,49361.51367288942,0.004421938463732739,4,0,9,1,0.7612039439662123,1,0,1
0.880994473907858,0,0.8280969530505093,1,1,38,2966.9346318369085,0.00787238043325958,2,0,9,1,0.8888756249417787,1,0,1
0.09894924516516812,0,0.4149371568248392,1,1,39,100000.0,0.39245959860052715,1,5,0,0,0.2044169243917611,9,1,0
0.949517988584363,0,0.7779612005951693,1,1,47,10465.10624038764,0.02117476973398269,5,0,10,1,0.8502298447240835,1,0,1
0.8992106713841411,0,0.9514976455963845,1,1,36,4131.070251708326,0.04988377236849112,2,0,11,1,0.9648542510398612,1,0,1
0.2186142428011076,1,0.3055879891296936,1,1,45,50000.0,0.688150695651772,1,5,2,0,0.19713964636460835,9,1,0
0.879650047338196,0,0.8228323633896164,1,1,30,44375.62716963574,0.03802730113649335,4,0,6,1,0.752554170356801,1,0,1
0.4002568557333978,0,0.023498143119236054,1,1,38,50000.0,0.4641206133574711,1,4,0,0,0.24073939028167904,8,2,0
0.8764437047533196,0,0.7938366278634805,1,1,17,21128.317926762196,0.049519422868024125,5,0,14,1,0.896061947708093,0,0,1
0.5800459143076824,1,0.07108809892119072,1,1,42,50000.0,0.20514457622793886,1,3,1,0,0.09141022940580676,4,2,0
0.865121706670267,0,0.9147115371183565,1,1,60,26536.30220003471,0.002719098708340889,2,0,10,1,0.7696241382009363,0,0,1
0.8972076171198045,0,0.838791221748468,1,1,46,21975.760643229958,0.009502260797979833,3,0,11,1,0.7759922802116931,1,0,1
0.8876279337482683,0,0.8412618117211896,1,1,16,43861.00649617154,0.030105969591671368,2,0,11,1,0.9081578002627004,0,0,1
0.9306745598497026,0,0.8595066953176829,1,1,36,29881.824724946335,0.000316232361986768,3,0,9,1,0.7213262190835243,1,0,1
0.9967951215850659,0,0.8746598867190788,1,1,39,48602.46697019541,0.019036618060857255,3,0,13,1,0.875425810841481,0,0,1
0.8639134116136742,0,0.8486203794846886,1,1,40,14357.694047550242,0.03761644572167764,4,0,7,1,0.9250797963844699,1,0,1
0.924790005758819,0,0.7584694487856392,1,1,43,47623.820950529895,0.041457524517287514,4,0,12,1,0.7159975254800022,0,0,1
0.3533923743411697,0,0.48258489356901385,0,0,23,10000.0,0.3452077849299603,1,4,1,0,0.10448978706324882,7,2,0
0.15022595939389385,1,0.4233625920428572,1,0,2,100000.0,0.6074288027684495,1,4,2,0,0.08491887898396801,3,1,0
0.03753107176637664,1,0.2825682480234295,0,1,43,100000.0,0.6157511261012628,1,3,1,0,0.27782964217741696,4,1,0
0.9345793605206971,0,0.9302601386666813,1,1,26,30697.089593897774,0.04079506077315471,2,0,5,1,0.8536728913319881,0,0,1
0.13668669065183042,1,0.13085043766538193,1,0,40,100000.0,0.3038446023384766,1,3,2,0,0.08504505168698669,3,1,0
0.9993332949378664,0,0.7539508097908241,1,1,45,38048.42013836278,0.041338741400693935,4,0,9,1,0.8859747940552315,1,0,1
0.9542197466873141,0,0.8184620910900592,1,1,57,6337.226081668062,0.02489837793893328,3,0,12,1,0.8296271270738467,0,0,1
0.958514705256593,0,0.9673404567196309,1,1,42,31397.087804152714,0.03772851477198157,4,0,11,1,0.9607161358831008,1,0,1
0.07344530863828021,1,0.4841951851070484,1,0,26,100000.0,0.37392815359040543,1,4,2,0,0.19000600083336008,10,1,0
0.40075432203512174,1,0.22435852690973818,1,0,31,100000.0,0.3292453490717949,1,3,2,0,0.1660337465189788,4,1,0
0.19969491738905945,0,0.31207361605572526,1,1,1,50000.0,0.7618735850806546,1,5,0,0,0.035036900068523676,10,2,0
0.9689531182902384,0,0.904928650303656,1,1,32,16897.404381817418,0.04833819818210164,3,0,13,1,0.8341376650731511,0,0,1
0.995469056162608,0,0.7751903802803433,1,1,49,14343.222753477277,0.027147085288620372,4,0,8,1,0.7850396650730073,0,0,1
0.49528129995937176,0,0.09058837726997537,0,1,5,50000.0,0.6938427923354833,1,2,0,0,0.21425245649832994,9,2,0
0.2257684466091187,0,0.44876208420958724,1,1,50,50000.0,0.44605964598712955,1,1,0,0,0.19921069935857172,7,1,0
0.8754699960659061,0,0.7987963824546639,1,1,49,47566.089104444356,0.020143980425381482,2,0,5,1,0.9043988418069073,1,0,1
0.8911368302827154,0,0.9529675382968964,1,1,16,35386.49745980679,0.006950253925613265,5,0,13,1,0.9031527884989972,1,0,1
0.8879552124894525,0,0.9439477716092726,1,1,42,20159.264682741712,0.04175628955403669,5,0,14,1,0.7012917327003035,0,0,1
0.438822784279987,1,0.06892930537594791,0,1,21,10000.0,0.4509804243891774,1,4,1,0,0.008141154042618714,7,1,0
0.9817472096340787,0,0.830508520382763,1,1,57,15351.789626828866,0.0026667320853713764,4,0,5,1,0.751301044970845,1,0,1
0.8656375324420001,0,0.8537130013815413,1,1,53,21701.19073066144,0.027846686060672518,2,0,8,1,0.710866699313591,1,0,1
0.8558979074549905,0,0.996723050634502,1,1,18,46588.64082206524,0.012738621204876833,5,0,10,1,0.89899458381181,0,0,1
0.9992222339244412,0,0.8715701531676454,1,1,38,22244.771010298944,0.0033412877350731452,3,0,13,1,0.7683903316669547,1,0,1
0.9486794927560792,0,0.8546520751975949,1,1,57,34219.107838812444,0.016681887916411908,5,0,13,1,0.9287596441211957,1,0,1
0.9262529107670413,0,0.8510085976851915,1,1,57,7722.441257491741,0.006704730493638267,3,0,15,1,0.7914113811282494,0,0,1
0.24284594920276026,0,0.20631250919156363,0,0,43,100000.0,0.22973775524778967,1,3,0,0,0.19630155052773574,9,1,0
0.8646824920322289,0,0.8189809605102033,1,1,60,4037.9817357487173,0.02241080437855831,3,0,10,1,0.8178205036305258,0,0,1
0.9309156637996584,0,0.8703438493154145,1,1,53,4355.554290765106,0.02021382281652245,4,0,14,1,0.8755574053914887,1,0,1
0.9079560904396996,0,0.8489781697601756,1,1,23,26897.682958141602,0.027242501684473036,3,0,9,1,0.8291506930328711,1,0,1
0.914945873930165,0,0.7589606878545407,1,1,58,6944.128838247621,0.002053954665242347,5,0,5,1,0.7196591301755146,0,0,1
0.98903955438395,0,0.7686953835568373,1,1,48,35213.94072558601,0.03239816879478942,2,0,14,1,0.950326825645347,0,0,1
0.9409849502793145,0,0.8611720070026865,1,1,46,5446.262833282201,0.040137612510610786,3,0,11,1,0.7033050002152685,1,0,1
0.8566262654416241,0,0.8503162410465284,1,1,17,47534.98393820677,0.028843047924879645,3,0,15,1,0.7511023580975557,1,0,1
0.8542438458457172,0,0.889668574118764,1,1,38,30642.864820732582,0.021730208784048268,3,0,6,1,0.7863427044884104,1,0,1
0.429859905453543,1,0.46046561817391024,0,0,5,10000.0,0.1815214784767782,1,2,0,0,0.0014989837215272526,3,2,0
0.5365735616884455,0,0.36213838440080176,0,0,44,50000.0,0.29126567140292614,1,1,0,0,0.001303927827167256,6,1,0
0.9828557756287544,0,0.8039811976078165,1,1,40,39404.957291590435,0.01228498714974905,4,0,13,1,0.7081546400492754,0,0,1
0.9661625806853998,0,0.9077280019431637,1,1,33,32646.44133270755,0.026106254645157548,5,0,15,1,0.8342178255376328,1,0,1
0.977411326438461,0,0.7643079850383151,1,1,45,46534.18064826946,0.03860541995521903,5,0,14,1,0.9513940655966149,1,0,1
0.8938467315144988,0,0.9930175442827214,1,1,22,31305.056202263586,0.015381424271206518,4,0,11,1,0.7118570856070691,0,0,1
0.9268829368811659,0,0.8342466547167002,1,1,25,32271.03324561537,0.04699360446137951,4,0,9,1,0.9042051326996215,1,0,1
0.8549214999246593,0,0.8198387030484323,1,1,27,20173.804516856893,0.01925838686779846,2,0,15,1,0.7983771650592112,0,0,1
0.954728458841487,0,0.801755135381203,1,1,59,20918.03730454868,0.020830481653457397,3,0,6,1,0.7336211112996093,0,0,1
0.9285135771767339,0,0.9767993433341531,1,1,17,41000.372914407955,0.02579494481222107,5,0,9,1,0.8517926511733398,0,0,1
0.85602269493206,0,0.8004455276797638,1,1,20,26217.487529263355,0.03725940641644223,2,0,11,1,0.9553393299285805,1,0,1
0.9222387383809065,0,0.9804212460593926,1,1,30,24479.38566532789,0.048109999426735106,3,0,10,1,0.754265329096627,0,0,1
0.8802800877414312,0,0.9501459051684625,1,1,54,43478.56780125079,0.04744215535028921,4,0,6,1,0.7271737175606318,0,0,1
0.11057223734093413,1,0.31847417461945243,1,0,3,50000.0,0.4339490544732624,1,1,2,0,0.17822325141026718,6,1,0
0.9739917226986895,0,0.8903057669725111,1,1,22,14993.444551765137,0.026095923538462674,3,0,6,1,0.8692285411141669,0,0,1
0.9651491549048112,0,0.9732825765175082,1,1,50,7971.698658873146,0.014769539735492533,4,0,13,1,0.7266203479023667,1,0,1
0.8793229764373006,0,0.9198817523022395,1,1,16,6759.5345887430885,0.010349257982041988,2,0,6,1,0.7528414897519239,0,0,1
0.43404570189747577,1,0.3663982586632625,0,1,2,10000.0,0.6395527123635696,1,3,1,0,0.2278303731976256,9,2,0
0.8530664474714126,0,0.9479618224477685,1,1,26,39898.79379203147,0.0003357892081692571,3,0,9,1,0.9253971327373907,0,0,1
0.9982671120747895,0,0.9616495540719542,1,1,18,32084.77108770371,0.01766447747184734,4,0,10,1,0.9311186149543981,1,0,1
0.5542853277504489,0,0.20274195207343068,1,0,4,10000.0,0.1634122872211558,1,5,2,0,0.3068300356922364,6,2,0
0.8552675216664499,0,0.7904853925624078,1,1,51,39579.45316024275,0.010546719424435648,4,0,9,1,0.9552991360156493,1,0,1
0.8767906263545676,0,0.9759760471988697,1,1,30,9201.899755914086,0.010139522630457943,4,0,13,1,0.9174450466740619,1,0,1
0.2080514989566377,1,0.41369078677544224,0,1,45,50000.0,0.39010364528786823,1,4,0,0,0.33663550949009774,8,2,0
0.9920338436700636,0,0.9129905865082714,1,1,47,25041.487972458413,0.04525931616834877,4,0,9,1,0.8065180212385074,1,0,1
0.9056878955632416,0,0.8512137411066334,1,1,20,39072.943408379266,0.010340676375701586,5,0,11,1,0.7361966012331059,1,0,1
0.5558349804987344,1,0.42168587308775735,0,1,22,10000.0,0.554709288152516,1,3,0,0,0.1510775728354384,5,2,0
0.8852055233577844,0,0.8870683294645472,1,1,50,40185.225258972896,0.02444491507353353,3,0,5,1,0.9967275818499708,1,0,1
0.2637524251808032,1,0.3579289095657785,1,0,5,10000.0,0.3027146044144954,1,4,1,0,0.0715279928122189,10,2,0
0.954139365346433,0,0.8952791523052256,1,1,34,40597.97725674861,0.035770356480790085,2,0,5,1,0.739317325467194,1,0,1
0.4623355816710598,0,0.25026196832075337,1,0,1,100000.0,0.2349194164167065,1,3,1,0,0.14407949329540762,9,1,0
0.8706690303891708,0,0.8261166316190083,1,1,25,6654.9386578630065,0.042289847890107125,4,0,13,1,0.8627093206906615,1,0,1
0.3756125400610719,0,0.07334206284927133,1,1,2,10000.0,0.6655789432346518,1,3,0,0,0.19490347377897976,7,2,0
0.9761805559322434,0,0.8150871358538125,1,1,25,13639.17694535997,0.02399317002755326,3,0,14,1,0.7684758626390261,1,0,1
0.9180845323114449,0,0.8119598907378396,1,1,27,37808.68545168543,0.040828438171195525,2,0,15,1,0.7199676570865534,0,0,1
0.9813308566790855,0,0.8210128276316289,1,1,38,20373.591813452273,0.04899892699450792,5,0,10,1,0.7903961072987846,1,0,1
0.574555460516503,0,0.5423887281755949,1,0,3,100000.0,0.22298604937015495,1,1,2,0,0.1941888901317989,9,1,0
0.9973216444476767,0,0.901802857623518,1,1,56,19759.249656665495,0.02088096463270228,3,0,6,1,0.9384251675252715,0,0,1
0.9979947317386483,0,0.9294400590009109,1,1,53,7686.971706417985,0.04252668395953913,5,0,14,1,0.7365765035005337,1,0,1
0.9627671063846173,0,0.8284616930279116,1,1,23,8282.735880823762,0.021941085090097436,3,0,12,1,0.8107818524022905,0,0,1
0.9081762542745474,0,0.9102221586465399,1,1,30,12034.76761290759,0.02625441514836306,2,0,10,1,0.7497720603629601,0,0,1
0.9772571131091621,0,0.8069152866998035,1,1,39,43636.32989516402,0.01529001143692837,2,0,6,1,0.927990065110219,1,0,1
0.8991243346618818,0,0.8448660199317323,1,1,23,16250.070779421694,0.047442896335767024,4,0,12,1,0.8442731284900236,1,0,1
0.023931361627886404,0,0.4635242026851859,1,1,36,10000.0,0.35733023517871737,1,4,2,0,0.11591238573674635,5,2,0
0.24188595147053604,0,0.2207800866939135,1,1,42,50000.0,0.46636759531689465,1,4,0,0,0.10108037338552295,7,1,0
0.2937172795982865,1,0.23470138976730187,1,1,22,10000.0,0.15613322295797286,1,5,1,0,0.22176132507965132,8,2,0
0.1623237772112496,1,0.19362229152388147,1,0,28,100000.0,0.1538025147378447,1,1,1,0,0.2616270607173835,10,1,0
0.9585339031137705,0,0.9672729676296322,1,1,15,18199.505906453054,0.030547933920834932,5,0,5,1,0.7801899006431791,1,0,1
0.5834773107212231,0,0.03579269494763373,1,1,24,50000.0,0.24074181076106188,1,3,1,0,0.0692184925803926,7,2,0
0.9104710306178623,0,0.8904547325157498,1,1,21,26428.839284065005,0.04535431634547543,4,0,8,1,0.8941215394429975,0,0,1
0.8543607421253195,0,0.8516495359254908,1,1,35,29551.241991319454,0.007812061988032121,4,0,15,1,0.8108413138543759,0,0,1
0.5275355140881395,1,0.44647574303263665,1,1,0,100000.0,0.5989581284638453,1,2,0,0,0.039964541422582045,10,2,0
0.2253357854745049,1,0.12515187785071846,1,0,39,100000.0,0.4324927846770965,1,2,0,0,0.30918341373203295,4,1,0
0.9399140212869903,0,0.9882870949781315,1,1,55,16413.05178284128,0.023861645498789826,3,0,13,1,0.7673247678024059,0,0,1
0.9160133049291053,0,0.8882759506028188,1,1,59,48551.12560186733,0.04922890407158123,4,0,6,1,0.9201260492313749,0,0,1
0.9982905847779364,0,0.9545769671759657,1,1,52,24500.44625666972,0.007643856106316799,4,0,14,1,0.8024161202145182,1,0,1
0.9167524082280988,0,0.7657792926759678,1,1,22,16911.400883891973,0.009468174583642693,5,0,10,1,0.9893119584674437,0,0,1
0.9553003271665557,0,0.9119871205503025,1,1,42,17178.27928755407,0.039371611099297696,4,0,8,1,0.829425458553967,1,0,1
0.9415036762667368,0,0.7822840829245508,1,1,41,36418.73438914614,0.03791497717318185,5,0,8,1,0.9562607520084976,0,0,1
0.9729291957826514,0,0.9134763576552658,1,1,46,36374.28516765623,0.04375499485307363,4,0,6,1,0.7834651455164169,1,0,1
0.527660787572201,0,0.3753691073011376,0,0,50,50000.0,0.4526455315045066,1,1,1,0,0.3294107632638149,9,1,0
0.8983508159212066,0,0.751771338542487,1,1,42,14673.617709229475,0.009392927409634051,4,0,5,1,0.8093084729426834,0,0,1
0.9569887294467547,0,0.9434301706879066,1,1,15,37492.71048687247,0.04004357960533161,5,0,9,1,0.7703605451323895,0,0,1
0.9195742165694314,0,0.8223574268770162,1,1,23,45565.034786743156,0.04013603026441828,5,0,12,1,0.7822403181065825,0,0,1
0.9115512038348562,0,0.7919844951497159,1,1,26,39666.02764103112,0.006833166038941513,4,0,6,1,0.9678714986088048,0,0,1
0.33712670093580627,0,0.5381036222223622,1,0,1,100000.0,0.4175688059770203,1,2,0,0,0.11399318340815452,5,2,0
0.36815636262966656,0,0.32571393232672136,1,0,3,10000.0,0.23976807961468663,1,1,0,0,0.010441237804544777,10,1,0
0.17303202204850182,0,0.28870715263737334,1,1,25,10000.0,0.2196870498090914,1,1,0,0,0.12515937357807652,10,1,0
0.888783576722311,0,0.9157311128842303,1,1,32,46978.46867218433,0.04473642908573659,2,0,7,1,0.7969797653095314,0,0,1
0.9528388348656865,0,0.7599854812716174,1,1,49,15583.017961343015,0.03412798967162499,5,0,14,1,0.8957884147423916,1,0,1
0.8882686984086451,0,0.8777859408574857,1,1,22,20302.761845908855,0.04378692429816039,5,0,7,1,0.962455254641549,1,0,1
0.9173094260801876,0,0.8482295441742684,1,1,23,48828.59099976318,0.04364294793870894,5,0,9,1,0.7662393763626801,0,0,1
0.8927080123506903,0,0.7884033487980147,1,1,35,3015.1047841491218,0.0027697704582130057,2,0,7,1,0.7160145797881525,0,0,1
0.9550397653003374,0,0.8280916603455103,1,1,50,40628.689159846486,0.019373918951508723,5,0,14,1,0.9047486511924926,0,0,1
0.20056404702862904,0,0.32123483848282786,0,1,30,50000.0,0.4235926046559001,1,4,1,0,0.11450980046656702,4,2,0
0.9258643472114112,0,0.9341432732789332,1,1,37,12343.766807009622,0.03726019213905054,3,0,8,1,0.7595750990593924,0,0,1
0.42344283254533954,1,0.3622141392903573,1,0,4,50000.0,0.7203150879992403,1,3,0,0,0.044932357419780494,10,2,0
0.9636024149109877,0,0.957049463122334,1,1,56,30136.462173006654,0.016123165929088884,4,0,15,1,0.9870914753892339,1,0,1
0.9542822234590028,0,0.9775224185325497,1,1,55,20857.176252856003,0.03235593940367831,2,0,11,1,0.7524456824874145,0,0,1
0.9484403558991235,0,0.759040677623674,1,1,15,4479.580016691149,0.030296258882386386,2,0,15,1,0.7715658461882166,1,0,1
0.5697812329060499,1,0.4824464515084041,1,1,3,100000.0,0.26888706959134356,1,5,0,0,0.22958358854364005,7,1,0
0.5307089924200048,1,0.13240862443830667,0,0,43,10000.0,0.40866786807567856,1,3,0,0,0.3496120420640481,7,1,0
0.8925862656796059,0,0.9592241449152346,1,1,16,49957.02706276345,0.03328423680532685,2,0,6,1,0.7271322180952398,1,0,1
0.9778023275321753,0,0.8761978707258745,1,1,34,30181.949145775066,0.04251371494168609,5,0,9,1,0.8496450875594456,0,0,1
0.9176106381727431,0,0.9378280361507857,1,1,44,18503.16650836981,0.013082745781647205,3,0,8,1,0.9783543705483442,0,0,1
0.406043177693648,1,0.4136760497809081,1,0,0,100000.0,0.3608209955823656,1,5,2,0,0.25084955286203053,6,2,0
0.9401207333690603,0,0.9226617682762884,1,1,25,11050.883774458785,0.003831933072544075,2,0,13,1,0.9959773227547273,1,0,1
0.8971232332117514,0,0.7853223167717751,1,1,32,43264.654459615376,0.030120848107670524,3,0,12,1,0.9369717945206762,0,0,1
0.09544305289650135,0,0.1340332148279998,0,0,26,10000.0,0.39079223427866616,1,1,0,0,0.01090453378933464,7,2,0
0.8903695751084209,0,0.8302125185167969,1,1,44,28917.313978976585,0.02527514096785335,4,0,11,1,0.8224969067898966,1,0,1
0.8601277720281122,0,0.7632017753500275,1,1,25,22943.19966532463,0.03873119406461149,2,0,6,1,0.8956772819397566,0,0,1
0.9257915383439643,0,0.8956610873286344,1,1,54,39770.78630960133,0.04565768751736039,3,0,13,1,0.9209569653105664,0,0,1
0.9156304535157257,0,0.9265610279208117,1,1,34,24558.33891796961,0.0014109766088664156,2,0,14,1,0.8031130230991208,1,0,1
0.995022981712335,0,0.9259145252139028,1,1,49,30134.57384834868,0.005938856154778922,2,0,6,1,0.7843945521621648,1,0,1
0.28854486730888834,0,0.27850573821760943,1,1,4,100000.0,0.47423880087743364,1,4,0,0,0.06296026264588472,10,2,0
0.9802358692608486,0,0.7774139747979245,1,1,42,26286.292092495547,0.021616264793455405,3,0,12,1,0.7460584882133892,0,0,1
0.5126938418193147,0,0.10767438121534857,1,0,33,10000.0,0.24739134124999887,1,1,0,0,0.18576474067762433,3,2,0
0.9412193374383704,0,0.9897754595173838,1,1,55,37151.31754473687,0.03527246656172888,4,0,10,1,0.7849917517560476,0,0,1
0.9969432521686432,0,0.8557715965750818,1,1,48,17531.52498796801,0.011885718768548865,2,0,7,1,0.7285700830865126,0,0,1
0.9434607255343053,0,0.8550208913256979,1,1,20,46699.679767014204,0.007461386422012823,3,0,9,1,0.8137375183274645,1,0,1
0.08829832961156656,1,0.2176717454481736,0,0,35,10000.0,0.6999328231660137,1,3,0,0,0.26249409342916175,5,1,0
0.24827988593048853,1,0.46780906897270774,1,1,4,10000.0,0.6207246061369649,1,5,2,0,0.08202832137327129,10,2,0
0.8673556250964144,0,0.8475156475391323,1,1,35,11244.359515083672,0.007698179128881322,5,0,5,1,0.8859005577909584,0,0,1
0.8567320483714415,0,0.9370177397699732,1,1,19,30422.37559537601,0.0378037641214119,2,0,14,1,0.703280416333199,0,0,1
0.9596544809722616,0,0.7959520309696251,1,1,56,4158.283639943718,0.043661996817694046,2,0,7,1,0.711983939685288,1,0,1
0.9121041373198543,0,0.8926272882363978,1,1,32,32953.90950453738,0.03590878960639684,2,0,5,1,0.8489676451130848,1,0,1
0.8744115229157436,0,0.943234347033821,1,1,60,14204.647220199551,0.045939684045134044,5,0,11,1,0.8810273362999964,0,0,1
0.1870628752667502,1,0.33801016771239345,0,1,3,50000.0,0.6276522750902089,1,4,2,0,0.020641519636486402,8,1,0
0.9060075314888012,0,0.9860359117690687,1,1,32,13272.327836443092,0.005287506873075704,4,0,7,1,0.9447191906653171,0,0,1
0.9575335283738493,0,0.8623403755359471,1,1,48,6626.766183367966,0.04513011982719209,3,0,6,1,0.7607090094385691,0,0,1
0.9732332848958339,0,0.8605973984752364,1,1,38,8493.532568537117,0.04623251098292312,5,0,13,1,0.7779394736878918,0,0,1
0.939140904145237,0,0.9695368561638844,1,1,41,6853.095964908079,0.040548145111996094,3,0,10,1,0.8693178041077536,0,0,1
0.9544480562616604,0,0.8615390688935076,1,1,22,16472.580279098074,0.031514129655944426,3,0,11,1,0.7262949757948303,0,0,1
0.9155483932467178,0,0.8349292635405192,1,1,53,27322.153975864774,0.018763906984674707,2,0,5,1,0.7518781923300794,1,0,1
0.9796162530723018,0,0.9308300827417891,1,1,32,19675.154539921805,0.002518986914427718,4,0,13,1,0.7579075568618112,0,0,1
0.15515392262945707,1,0.00168360767525112,1,1,47,100000.0,0.6621089688220155,1,1,2,0,0.13893414331002515,7,2,0
0.8748799044585014,0,0.9549145548837907,1,1,39,20878.490417566776,0.043536668665893195,2,0,14,1,0.8598221282013634,1,0,1
0.8599597418564912,0,0.9656369501020814,1,1,47,6268.579666413567,0.001187825322859326,5,0,14,1,0.9560890519440202,0,0,1
0.32231229259622,0,0.17991174081163883,0,1,34,10000.0,0.26442815793061614,1,3,0,0,0.05095394223578254,7,2,0
0.9088859073762879,0,0.7700123209115463,1,1,53,22821.393311484462,0.023466346709520067,5,0,15,1,0.7542779956692605,0,0,1
0.43992276664125357,1,0.3965291901046912,1,0,4,100000.0,0.42463609522635914,1,2,0,0,0.1579481755480815,7,1,0
0.9526458729519642,0,0.7652074668753404,1,1,18,17901.286084139218,0.033504658707428525,2,0,13,1,0.9202585204654736,0,0,1
0.9514978573764457,0,0.7665198027298488,1,1,31,12189.302664355662,0.044725574885939055,2,0,13,1,0.7515881055811068,1,0,1
0.4012199322449586,1,0.3112532014895354,1,0,3,50000.0,0.1741839248517356,1,1,2,0,0.05846337260445023,7,1,0
0.9976974300426465,0,0.8403840196597998,1,1,48,17283.157655766063,0.03996067611207455,5,0,6,1,0.7649067085676204,1,0,1
0.851870481691182,0,0.9490071390775946,1,1,31,21582.14865730713,0.004703598154469791,4,0,13,1,0.8185021720121669,1,0,1
0.9482670837137147,0,0.8025217809558833,1,1,54,6707.831700364757,0.04146105706015596,5,0,12,1,0.7734564241581148,1,0,1
0.9289690135952521,0,0.7924946302989464,1,1,25,30039.783160798204,0.01317246571784529,5,0,6,1,0.7345558159942782,1,0,1
0.9075014190115762,0,0.9431264515056034,1,1,51,7319.396945537798,0.030432987631339187,5,0,14,1,0.8206414224710661,1,0,1
0.9992514125985715,0,0.7696858224707293,1,1,33,10673.897396806855,0.017606023696276684,3,0,6,1,0.7523611394880365,0,0,1
0.9753827526329714,0,0.8199489471678291,1,1,60,7639.02492370613,0.044230500132514027,4,0,12,1,0.7307086754051214,0,0,1
0.9121039140683854,0,0.8294089085908904,1,1,52,3432.0689647854792,0.017323932770359048,2,0,9,1,0.7496463272745325,0,0,1
0.8787881742116628,0,0.793865561644772,1,1,25,14706.162109737794,0.04566425918509879,5,0,13,1,0.9033125843363409,0,0,1
0.9819135113367488,0,0.868143377726768,1,1,20,28544.62430453148,0.013546019669315623,5,0,15,1,0.7111930877208782,0,0,1
0.06578120746113023,0,0.20974189587320152,1,1,40,100000.0,0.16316819401153493,1,1,2,0,0.34078242561066846,7,2,0
0.9734601424852622,0,0.9755374171022503,1,1,31,48060.62057885575,0.011416811581596298,5,0,11,1,0.8713639574055992,1,0,1
0.5453838033299303,0,0.16465368884486434,1,1,5,100000.0,0.3659383062074305,1,4,2,0,0.025793541248419025,6,1,0
0.85334032309444,0,0.900343190702837,1,1,26,15670.764255194692,0.03937777924316084,5,0,10,1,0.978748789681321,1,0,1
0.8775299843320479,0,0.9950067948885482,1,1,42,39635.88552038758,0.03182041710538885,3,0,14,1,0.7435390763995149,1,0,1
0.862081742006967,0,0.9317527264903389,1,1,21,8878.344284119572,0.014415928390523436,5,0,8,1,0.7080567330779284,0,0,1
0.9946423973056162,0,0.9054528461132842,1,1,26,23643.932823780986,0.04177565187154972,3,0,9,1,0.8681958522187505,1,0,1
0.9440237474176313,0,0.9368174500480174,1,1,25,15084.151875962802,0.005536212930027718,5,0,6,1,0.7463269264066427,1,0,1
0.16105273077677162,0,0.047651555762424185,1,1,2,100000.0,0.4780324306006619,1,2,2,0,0.11707701597923477,5,2,0
0.9224407584207676,0,0.8641009644754614,1,1,54,19356.753419487806,0.01957534208422157,3,0,6,1,0.7232308255781315,0,0,1
0.9843452322075545,0,0.9179032022139647,1,1,26,42933.49422233181,0.017401571170475718,2,0,13,1,0.7896830953356716,1,0,1
0.8939403859755756,0,0.9723254626918034,1,1,37,35513.13174645037,0.013930302631672548,5,0,14,1,0.9844443053544503,1,0,1
0.9067300784514521,0,0.9629305456881296,1,1,51,31695.709372943245,0.0463335244040641,2,0,6,1,0.9078779771757565,0,0,1
0.3438576848049097,1,0.014259425450019276,0,0,0,50000.0,0.3880016390715729,1,1,2,0,0.31940389169405564,9,2,0
0.977149970199696,0,0.8093839180130648,1,1,35,2413.6283424200988,0.0023625169428242556,2,0,8,1,0.9961558996125082,1,0,1
0.9531300902664808,0,0.7618431266823724,1,1,39,8709.804342553669,0.022053871480864212,3,0,12,1,0.8565629304066568,0,0,1
0.9360767953036896,0,0.7958295404673851,1,1,26,33238.988722113674,0.0064091036591402036,3,0,7,1,0.8517174098362374,1,0,1
0.9993504700938093,0,0.8237650225784929,1,1,47,28666.806442237466,0.030588017722424973,5,0,11,1,0.8961961599253351,1,0,1
0.9382386999953831,0,0.9215240912763623,1,1,40,23807.262168403835,0.04126997555981606,2,0,9,1,0.8375644245395653,0,0,1
0.06996242734110993,1,0.29104692058082404,0,1,4,100000.0,0.16775417609631357,1,4,0,0,0.2792385833393201,9,1,0
0.19871964408372664,0,0.4000197077950871,1,0,0,100000.0,0.7739625725738591,1,3,0,0,0.12369244175858198,10,1,0
0.44066029810729845,1,0.18266463507172115,1,1,1,50000.0,0.2333932599007806,1,2,0,0,0.2229879446123835,7,1,0
0.8841801679829251,0,0.9398352750055968,1,1,60,3015.4885483180874,0.01581807286683576,4,0,6,1,0.8967618582948522,0,0,1
0.996360403658449,0,0.8046760565379087,1,1,32,46936.492718729416,0.04885963649571787,4,0,5,1,0.714735293125012,0,0,1
0.9013543649950081,0,0.8520391670577533,1,1,36,8038.736878989692,0.004586183952950335,3,0,8,1,0.8966553215029156,1,0,1
0.9642922267846262,0,0.7851125395972557,1,1,25,23395.167841267175,0.016115985907171095,3,0,11,1,0.9460314234351094,0,0,1
0.4475310973770139,0,0.36478091568080323,0,0,3,50000.0,0.7092792720765145,1,2,0,0,0.337513430409702,5,1,0
0.9770311304670869,0,0.8516255509417776,1,1,19,26310.718903922207,0.011151806399914766,5,0,5,1,0.782491262151135,1,0,1
0.9964996117324884,0,0.8295815969072551,1,1,28,22389.292391141884,0.002570957727846468,3,0,9,1,0.8060013085205403,1,0,1
0.3475525175367273,0,0.44599431378367815,1,1,0,10000.0,0.3279052649626102,1,4,0,0,0.10726813206150296,10,1,0
0.9197019456785994,0,0.8419760850554544,1,1,33,12002.208388880721,0.0375745405285698,2,0,15,1,0.7257947050332835,0,0,1
0.30477950606997734,0,0.1915079199851746,1,1,2,100000.0,0.23388179988386676,1,5,2,0,0.12565449125032943,8,1,0
0.8567365929088493,0,0.8587742650007595,1,1,59,44800.50878023587,0.037430400972847465,5,0,14,1,0.968033991909359,1,0,1
0.9031788952194802,0,0.9926745060987259,1,1,35,39362.407859540566,0.00973193539259838,5,0,9,1,0.7131411297361686,0,0,1
0.955754229478629,0,0.7674829078692154,1,1,34,39546.13737285416,0.03739950644762235,3,0,6,1,0.8344721899511821,1,0,1
0.8894975923384728,0,0.8546436978403635,1,1,17,27029.274087583723,0.02311139650718341,3,0,9,1,0.791644183711351,0,0,1
0.8797574444922291,0,0.9291556891818282,1,1,53,29593.714017331244,0.04314631874774143,5,0,7,1,0.964485166372859,0,0,1
0.8929669340323082,0,0.9812021073280068,1,1,37,28649.506031687586,0.03169875558405426,2,0,14,1,0.7421018791191738,0,0,1
0.9300081146246548,0,0.9183784286813109,1,1,20,9439.288549090723,0.012205953754278832,3,0,7,1,0.7103412978498288,1,0,1
0.8539866647495937,0,0.7623647842865039,1,1,57,25337.219629869225,0.01300923276714957,4,0,8,1,0.9273730956198581,0,0,1
0.998962687289576,0,0.8961597085335413,1,1,32,45070.505588196495,0.04401901500638461,2,0,9,1,0.886537608958227,1,0,1
0.9835395942735428,0,0.867488985071835,1,1,53,46906.01330444744,0.002974334609167001,3,0,8,1,0.8757313975464167,0,0,1
0.8680165945152076,0,0.7678261335462113,1,1,17,5554.768801715532,0.006627104047570682,5,0,10,1,0.8740720650228829,1,0,1
0.9848225338505376,0,0.9314375586798118,1,1,50,35572.338095471,0.0242157794342741,2,0,10,1,0.9420503341571366,1,0,1
0.8945302728261121,0,0.7651576855473513,1,1,36,14218.367102109543,0.019296064573160743,3,0,7,1,0.7785689123694206,0,0,1
0.8758550839846371,0,0.9824420625337683,1,1,40,29127.109409402583,0.027413192091663263,2,0,12,1,0.8358315235338454,0,0,1
0.8825374184208682,0,0.7737968845842436,1,1,42,22733.391728023133,0.038462129064911074,2,0,10,1,0.7096447263408551,1,0,1
0.10272296534605545,0,0.061993836480323014,1,1,3,10000.0,0.38563727317242824,1,1,0,0,0.14000874852454454,9,2,0
0.12072269887552368,0,0.08059643490818261,1,1,3,100000.0,0.380526124436637,1,1,0,0,0.07927695367591144,7,2,0
0.9384259495605202,0,0.9662958636969688,1,1,59,25210.399156675674,0.04755224270864447,3,0,11,1,0.9661117060991657,1,0,1
0.8504060910513681,0,0.824689767655658,1,1,24,18036.50526367776,0.013602259458883471,4,0,11,1,0.7544569324329081,0,0,1
0.9516431145399691,0,0.9314424086788584,1,1,50,38404.267384868195,0.049170853799646884,4,0,6,1,0.8543749155656593,0,0,1
0.8821877009229293,0,0.8521321609311591,1,1,60,13229.095321536355,0.002915137084453301,5,0,14,1,0.788078127330005,0,0,1
0.11048411201604548,0,0.24068653986027796,1,0,38,50000.0,0.340627770715489,1,1,0,0,0.0914543703584574,10,1,0
0.8524345684513707,0,0.863126982881096,1,1,19,17547.260610525846,0.02398992513775767,5,0,6,1,0.8424630509427111,1,0,1
0.8587162722582171,0,0.8416520962331531,1,1,49,18245.91119827165,0.04222394366435933,4,0,8,1,0.9305882768378138,0,0,1
0.8975708339234073,0,0.9882248487674362,1,1,44,26722.7422031223,0.012798254528380138,3,0,15,1,0.7493823452746055,1,0,1
0.9937138868740975,0,0.896400940366395,1,1,23,20109.52827494543,0.0006198606957897979,5,0,13,1,0.8521570357947786,1,0,1
0.20618755543785855,0,0.2781535279513956,1,0,31,10000.0,0.4671845071737206,1,3,0,0,0.1224997314477904,10,2,0
0.8522024265340106,0,0.9567933561301716,1,1,47,19868.55551319431,0.007680644953031741,5,0,7,1,0.7359017667594683,1,0,1
0.8911303603440099,0,0.9323178109650974,1,1,19,27926.8137119854,0.04616117676348083,3,0,8,1,0.8851068730481682,1,0,1
0.8873319592221818,0,0.7548515376235043,1,1,60,27751.35149879793,0.022977357563087514,3,0,14,1,0.9120517521538085,1,0,1
0.8917170035307231,0,0.8005220254113695,1,1,59,27056.59046559259,0.02342083206233855,2,0,10,1,0.7135519350968279,0,0,1
0.8732819488661636,0,0.9336552729837904,1,1,17,14996.420063254413,0.035495234864065195,2,0,10,1,0.8834630817931208,1,0,1
0.991827983653286,0,0.8481211835662359,1,1,19,29790.92118801164,0.0002309399421663805,5,0,11,1,0.9041256417009765,0,0,1
0.8607665639591153,0,0.8692707165618441,1,1,53,12947.81158190799,0.009438944893183272,3,0,15,1,0.9854626579450847,1,0,1
0.9077870591335669,0,0.9991263149086397,1,1,43,26900.98799438283,0.023963669114812472,2,0,11,1,0.9725853317545036,1,0,1
0.9429353884465468,0,0.7804922410524058,1,1,24,38205.03271701884,0.04099044291190121,5,0,12,1,0.999003163455746,1,0,1
0.95302743486497,0,0.8847920730892495,1,1,41,20499.88310918822,0.04179314856346465,5,0,12,1,0.9219493282115513,0,0,1
0.12087393734840651,0,0.4520287545942852,1,0,21,50000.0,0.31777897477221273,1,1,2,0,0.26310421367074244,7,2,0
0.9905359810034017,0,0.8865135166870199,1,1,51,16010.93127321199,0.0031986271204136663,4,0,7,1,0.7305357966247052,1,0,1
0.9103919547555174,0,0.7885477205474078,1,1,31,6145.26437607664,0.043923607769799394,4,0,12,1,0.946483941103421,1,0,1
0.8992541807507033,0,0.8838586974575008,1,1,59,33324.1923468849,0.04021959139735387,5,0,11,1,0.8898752887802862,1,0,1
0.9494364571315143,0,0.754941611335673,1,1,55,11494.872668441452,0.03890757112720062,3,0,15,1,0.7740041131678441,1,0,1
0.959670906536209,0,0.9067040590325757,1,1,17,26495.64401963524,0.025465015661241094,3,0,8,1,0.8509137414483032,0,0,1
0.930751719899952,0,0.7577710450020076,1,1,40,28159.181099767877,0.013537052533194344,4,0,6,1,0.9806820359409224,0,0,1
0.88329283771706,0,0.7784768137047555,1,1,26,39484.111569477434,0.038047648975850196,4,0,10,1,0.7615779551395606,0,0,1
0.13104679987172757,1,0.33176256302796725,0,1,2,10000.0,0.31625742472624563,1,4,2,0,0.01146503059229334,6,2,0
0.8645129347541644,0,0.8081830366690469,1,1,29,8999.95043531264,0.011334932595735536,5,0,15,1,0.7645393654234823,1,0,1
0.9516957778817567,0,0.8807726248198288,1,1,51,40171.148411970054,0.04803131428144164,2,0,5,1,0.9753579989877201,1,0,1
0.8980736742517024,0,0.9940320976729269,1,1,38,34900.53059652868,0.001161379117337924,3,0,10,1,0.9625322839967535,0,0,1
0.3696523451647034,1,0.3027698188762237,1,1,44,10000.0,0.21769295825306645,1,3,0,0,0.2891859674198117,4,2,0
0.8702832043005979,0,0.779236808272302,1,1,51,32613.92192645973,0.017570542569976904,2,0,8,1,0.9075655278117709,0,0,1
0.853930222628169,0,0.8106685107387568,1,1,35,18864.784797884677,0.026233375472178584,3,0,11,1,0.7877014681329098,1,0,1
0.8505424367177411,0,0.7656427789615399,1,1,24,6576.965752777292,0.017585119542513173,2,0,6,1,0.9371946419801485,1,0,1
0.8994678069327253,0,0.9829860923074991,1,1,39,48780.33983605308,0.020845626835937228,4,0,7,1,0.8461346259749265,1,0,1
0.886223440954721,0,0.8162693221437429,1,1,30,36440.9375684296,0.04748015214503968,3,0,6,1,0.8641498812832302,1,0,1
0.8634596916611876,0,0.7563012367815405,1,1,25,38319.17251599754,0.04954048827755611,2,0,8,1,0.8512658066613306,1,0,1
0.9422105116282433,0,0.8543134024646716,1,1,44,9371.829396133497,0.03698850132830752,4,0,12,1,0.9189342301131376,0,0,1
0.8899694976251269,0,0.7849421027384892,1,1,34,22010.68969255448,0.011628497026443686,3,0,8,1,0.8099177349478742,0,0,1
0.9756575287280562,0,0.8210992836433522,1,1,47,43968.04430407103,0.001198517776397773,3,0,15,1,0.8391027144044503,1,0,1
0.9989211935905667,0,0.8353845655504057,1,1,39,26920.02727588743,0.026662490491585412,2,0,13,1,0.8839328256982418,0,0,1
0.973469097612428,0,0.7920002121444678,1,1,16,43318.446733785735,0.04115623049750474,2,0,11,1,0.945759963788194,1,0,1
0.8862458363108628,0,0.8923030126076692,1,1,25,42772.89598830939,0.00023706964559369603,4,0,8,1,0.8857357259280922,1,0,1
0.9808797623722747,0,0.8705940011572786,1,1,50,6212.450373034429,0.005700959566727549,5,0,11,1,0.9842479135134354,1,0,1
0.9765362427396629,0,0.9756632859819043,1,1,26,40497.24225313249,0.038973877038566446,5,0,11,1,0.9336989063734387,1,0,1
0.9157357535631361,0,0.8113390662334067,1,1,49,30215.452619313404,0.011627650760183789,2,0,11,1,0.9302522247942695,0,0,1
0.967909645791543,0,0.7820284081688864,1,1,53,19798.3051631639,0.04633824944243009,3,0,13,1,0.946828483981249,1,0,1
0.4283164110384405,1,0.19266381323682072,0,0,45,50000.0,0.50978422024152,1,1,1,0,0.32899390779674736,3,2,0
0.9381452461979565,0,0.9295155841585626,1,1,37,9501.983454126803,0.00520757469014358,3,0,12,1,0.8366056364330461,1,0,1
0.8582161161085654,0,0.7848493457802472,1,1,46,33287.14501076356,0.004366990753589173,3,0,11,1,0.8743741068560056,0,0,1
0.8585369803192676,0,0.979006563708111,1,1,36,49147.073478732076,0.04821835041652,3,0,15,1,0.9144772908688572,0,0,1
0.2960829049838308,0,0.15118239214376042,1,0,2,100000.0,0.6217104572295331,1,3,0,0,0.024671326874921688,6,2,0
0.9895158278875186,0,0.8756032484077346,1,1,60,14424.110587395184,0.02522726198519686,5,0,12,1,0.8344757063661231,1,0,1
0.14719701973443403,1,0.07612153945891105,0,1,5,50000.0,0.44463594872929935,1,2,2,0,0.026120370909259116,4,2,0
0.941561097915021,0,0.9477162827158169,1,1,57,16858.088390606117,0.027447726634724803,5,0,14,1,0.8418661546462499,1,0,1
0.9351618398640629,0,0.7672849862518154,1,1,29,5318.631798373495,0.036394044599926095,2,0,15,1,0.9171235870575514,0,0,1
0.9415341166649869,0,0.8609857215989941,1,1,23,42991.250055066994,0.016110783691146914,5,0,14,1,0.8469472768277388,1,0,1
0.927787088852703,0,0.8304055845548115,1,1,43,38998.893527954846,0.02501578072097352,5,0,8,1,0.7803626806231783,1,0,1
0.874481002707668,0,0.8908290604244906,1,1,52,32055.645720342523,0.04561026702043382,3,0,9,1,0.9740300979439191,0,0,1
0.0848360568466596,0,0.0531440200329183,1,0,24,100000.0,0.7639125566097857,1,4,0,0,0.23901312958202575,3,1,0
0.9040847666163776,0,0.9456903370140256,1,1,23,10959.78097738063,0.024851292310874115,2,0,15,1,0.7675892016347,0,0,1
0.9979938876287446,0,0.805620563032185,1,1,21,10094.954326638974,0.014180057480278696,5,0,13,1,0.7973216992424815,0,0,1
0.9390010188117096,0,0.9972694837605645,1,1,21,7088.119640957258,0.019798365154518435,5,0,8,1,0.7389184320714717,0,0,1
0.8639906357986491,0,0.9140574120262501,1,1,21,38968.97357332078,0.039961146082952766,2,0,13,1,0.9570581175749711,1,0,1
0.8651790050129998,0,0.81828913518138,1,1,53,43903.38633928194,0.033952577814399656,4,0,8,1,0.8776824851333213,0,0,1
0.9617487288669533,0,0.9411668071404999,1,1,25,25069.166285230713,0.022822609725713584,5,0,12,1,0.8934457583077872,0,0,1
0.9102492451014065,0,0.8170212762051378,1,1,52,47062.65700193784,0.017232044325580887,4,0,15,1,0.7888898891360455,1,0,1
0.8563827726470165,0,0.8058975802190117,1,1,41,21868.655314620843,0.008833349066358081,3,0,6,1,0.9777060006210174,1,0,1
0.031369206492793796,1,0.08285901658810213,0,1,2,50000.0,0.4975658663247615,1,5,0,0,0.0007823216615889971,8,2,0
0.36975437496149677,0,0.4582817475302286,0,0,39,100000.0,0.3820612443503911,1,2,2,0,0.3219220953767958,10,2,0
0.0353492036014821,0,0.30303042853245393,0,1,21,50000.0,0.6960370555392361,1,2,2,0,0.03561896071293207,8,2,0
0.5972454369267002,1,0.12156220666929253,1,0,4,50000.0,0.25417711211900945,1,1,1,0,0.17530405533436913,4,2,0
0.9471116234314104,0,0.7837627011699437,1,1,32,44849.89177810834,0.001815283805223761,3,0,14,1,0.748953447119243,1,0,1
0.9777947553402386,0,0.9659205098554675,1,1,44,18513.78407643938,0.02596130521441481,4,0,8,1,0.9397322345319818,0,0,1
0.9958519371900397,0,0.9757231719075709,1,1,46,17943.826289765675,0.008456735369142787,5,0,8,1,0.7270004173135269,0,0,1
0.9862518513312395,0,0.9725036685399804,1,1,26,13542.730596571422,0.020990528052789288,4,0,8,1,0.738576552737561,0,0,1
0.21846501734518503,0,0.5082685569413186,1,0,1,50000.0,0.7931359393548342,1,3,0,0,0.32623970692991017,5,2,0
0.8792256529722088,0,0.9120234825703791,1,1,30,23088.802969098804,0.005606158173619442,3,0,6,1,0.7299795426917091,1,0,1
0.9198249995753586,0,0.7618683743582736,1,1,27,20733.254805072473,0.012884354563649864,2,0,6,1,0.9859611323525945,0,0,1
0.2842606510989436,0,0.15011689647619508,1,1,0,10000.0,0.2897992753016172,1,4,0,0,0.16229660379399302,4,2,0
0.9391650495634678,0,0.7865433110481745,1,1,23,16896.064348355572,0.0071935966485571325,5,0,15,1,0.7496595168205834,1,0,1
0.8595495383978295,0,0.9567520036519999,1,1,33,37283.861324569625,0.03558585599608982,4,0,6,1,0.7551376209568325,1,0,1
0.9432846660062868,0,0.9645313261562058,1,1,35,26702.20842158479,0.033864369968219864,2,0,10,1,0.8204066672660164,0,0,1
0.3243431111331972,0,0.3930036540485452,0,1,4,50000.0,0.6076209775274883,1,5,1,0,0.1407591847012127,9,1,0
0.42000609244045445,0,0.19545043777613078,1,0,47,10000.0,0.7327944928958321,1,5,0,0,0.3184277407513981,10,1,0
0.2564543699284764,0,0.08300586543116527,1,1,46,50000.0,0.7386352220077977,1,1,2,0,0.1581243308532975,6,1,0
0.8656202031410838,0,0.7834789109133896,1,1,22,25675.753987741635,0.0040385879603676515,2,0,9,1,0.8657075744351298,1,0,1
0.06809095986102709,0,0.10203830429754902,1,0,0,50000.0,0.7843314849828602,1,2,2,0,0.06360534873417416,5,1,0
0.8791942317407383,0,0.7509735365952832,1,1,42,18049.242882434828,0.008299645574351366,3,0,7,1,0.8207112649516551,0,0,1
0.97217108140464,0,0.8088140971039113,1,1,59,48296.90653468168,0.013229880267307915,3,0,5,1,0.8297546779727099,0,0,1
0.8787404514494049,0,0.7562057829496431,1,1,42,23513.951756329832,0.015376753621039308,5,0,6,1,0.7021943368879047,1,0,1
0.5713204352453471,0,0.26738707006089146,1,0,27,100000.0,0.5022017330725835,1,5,1,0,0.3425830290564644,10,2,0
0.976310522765836,0,0.8325503238994328,1,1,58,43107.662271475485,0.003887233346252106,4,0,14,1,0.792299639913709,1,0,1
0.8919231060355284,0,0.9638688408544704,1,1,54,27474.717970891237,0.048826353320757285,3,0,7,1,0.7904201910160557,0,0,1
0.2942390503557801,1,0.4813829950665869,1,1,23,100000.0,0.39821901790973524,1,5,2,0,0.20206865107665223,10,2,0
0.9692985193791627,0,0.8070741771142764,1,1,47,9413.342887298528,0.015179132579719352,4,0,8,1,0.8632294274446932,1,0,1
0.864134479666915,0,0.7976817893306796,1,1,53,32166.87824983607,0.021052745649785605,4,0,5,1,0.8300121749378224,0,0,1
0.5208103766595132,0,0.4122779352919202,0,1,32,100000.0,0.46920318722147725,1,5,0,0,0.09598043783662975,10,2,0
0.8581750472486943,0,0.9040772424818833,1,1,15,44438.99414560723,0.03547891425503104,2,0,9,1,0.7275163017472593,0,0,1
0.9633309313710141,0,0.8143555905863429,1,1,39,46520.23326200238,0.029869726453692038,5,0,6,1,0.7157727970969165,1,0,1
0.8715577992183301,0,0.9232738567324253,1,1,17,26350.04967593808,0.04958872379643554,2,0,7,1,0.704973940569267,0,0,1
0.09323979973924387,0,0.382589732224779,0,0,47,10000.0,0.4390257306894072,1,5,0,0,0.19776730618824587,3,1,0
0.9236886169587049,0,0.9732577548840757,1,1,27,44195.30142363009,0.004804761648594064,2,0,8,1,0.860152003982188,0,0,1
0.9660934072833944,0,0.8597196099380131,1,1,34,35473.665394849464,0.004708867394382477,5,0,10,1,0.9283419105971059,1,0,1
0.9136025647235452,0,0.8194244826158024,1,1,58,20766.109468558687,0.0301932280469172,3,0,7,1,0.9412875597630062,0,0,1
0.3043943877558417,0,0.14986872566445947,1,1,34,100000.0,0.289324534016059,1,3,2,0,0.22543040006782417,5,1,0
0.9260872948692573,0,0.8560841072307529,1,1,43,45939.05298030234,0.022746261366715283,2,0,8,1,0.7860231702937653,1,0,1
0.9215800949924386,0,0.8735786333836544,1,1,37,29272.0328619855,0.027608135165221356,3,0,12,1,0.7325971309786787,1,0,1
0.9860353627083297,0,0.893381465427112,1,1,45,10029.97896340301,0.04874813512118856,4,0,7,1,0.9174208655353876,0,0,1
0.8824933546276064,0,0.9222253631132431,1,1,44,16160.922018194979,0.028441690269215954,5,0,7,1,0.8662856757179284,0,0,1
0.8631606674623953,0,0.9303175364809714,1,1,56,11282.497271674683,0.015743923913875153,2,0,9,1,0.9389399944850627,1,0,1
0.997150721703066,0,0.7605865284996762,1,1,31,28255.413803754473,0.0073371616603826245,3,0,13,1,0.9962942343269385,0,0,1
0.9101959503073295,0,0.8822598483722226,1,1,39,9769.729310179559,0.004678319280440035,2,0,8,1,0.7987224611203809,1,0,1
0.07466930900901127,0,0.4785524642875747,1,0,34,10000.0,0.5232932371776086,1,3,0,0,0.24014525850097396,9,2,0
0.4788047129307516,1,0.010682533432307234,0,0,5,100000.0,0.5371038461659172,1,3,2,0,0.1314620902450458,5,2,0
0.869243988776668,0,0.945209588629762,1,1,22,36961.998355827636,0.022061137424027905,5,0,5,1,0.8582372890217677,1,0,1
0.9473162355832832,0,0.9919766828708401,1,1,42,46297.48942040915,0.028390569267717165,2,0,11,1,0.7447552551659045,1,0,1
0.9165121298240997,0,0.8068096804461942,1,1,19,5063.228293000416,0.04138155859962911,4,0,8,1,0.9274263220256121,1,0,1
0.8611105829108059,0,0.8617097106035382,1,1,17,6162.151214873558,0.011118396394840536,3,0,8,1,0.9228718929574247,0,0,1
0.9180421267681933,0,0.8867033650601277,1,1,51,43991.5114051546,0.04580291656509139,5,0,6,1,0.9893743613308934,1,0,1
0.8988014095775015,0,0.9772662036057371,1,1,29,37631.26157206288,0.029537239708188306,4,0,11,1,0.7898149874544477,1,0,1
0.9430047314067506,0,0.9466966780056272,1,1,47,42813.61688745844,0.043038384747730224,2,0,10,1,0.8977012197910966,0,0,1
0.8532747087468717,0,0.8787833442115472,1,1,49,22221.446128796222,0.005014369924762513,3,0,6,1,0.9827212752425567,1,0,1
0.8576416133504533,0,0.9808256725644696,1,1,57,27062.789466032085,0.027612656017200483,5,0,12,1,0.9458352266633911,0,0,1
0.9897691929329475,0,0.9403769369549742,1,1,29,46000.653655969625,0.03246963085538703,5,0,10,1,0.8250112309247389,1,0,1
0.49742295345100945,0,0.38318831599184267,1,0,25,10000.0,0.30469121696119184,1,1,2,0,0.030099640072233494,4,1,0
0.9647498286124039,0,0.9086795800001477,1,1,41,28841.94371577985,0.01519750490313061,4,0,11,1,0.8310152167697087,0,0,1
0.9618512500990449,0,0.771120223919268,1,1,33,30319.29066766465,0.00553751591982008,5,0,8,1,0.9252509000309388,0,0,1
0.41564490016012773,0,0.08125070939758779,1,0,49,100000.0,0.3217245811029463,1,1,0,0,0.23360014145456187,7,1,0
0.9647205328910852,0,0.9691776993161548,1,1,50,49259.2931960362,0.04911833415522662,5,0,8,1,0.7215466421508653,1,0,1
0.8893690773884297,0,0.9842032876334448,1,1,58,7892.380755751329,0.04155563360624531,2,0,14,1,0.7537804924473217,0,0,1
0.8526755175965481,0,0.7772859991914337,1,1,28,40247.22023960776,0.011632037098321685,5,0,8,1,0.8818047462100033,1,0,1
0.9276817863502868,0,0.8340952720141767,1,1,46,2566.836232592221,0.012397349583044238,2,0,12,1,0.9391786576816683,1,0,1
0.8506545432272072,0,0.8768085443902052,1,1,43,14351.872985359194,0.024575658652641996,5,0,14,1,0.717307801499932,0,0,1
0.989935117361988,0,0.9952052863832586,1,1,44,8623.880832699455,0.0395368986947997,2,0,7,1,0.9654547178519082,0,0,1
0.981361902453947,0,0.8238318940191832,1,1,20,48033.26643259723,0.047218460957888696,3,0,13,1,0.7206816855197664,1,0,1
0.12921430048764268,1,0.3512251579817979,1,0,3,50000.0,0.5548531278065136,1,2,2,0,0.11582227293506332,6,1,0
0.2591088006808184,0,0.46698610675057367,0,0,2,50000.0,0.17484653943378148,1,5,0,0,0.19966904468154087,4,2,0
0.9567876715882868,0,0.8908808092423843,1,1,42,4650.077921983062,0.017413794173072813,3,0,14,1,0.7092678511108096,1,0,1
0.16286365053862575,1,0.364217110542286,0,0,23,100000.0,0.30461162368510286,1,2,1,0,0.22236698506665448,5,1,0
0.8747966985050937,0,0.8133138686000494,1,1,35,42892.79157415033,0.02921139300306091,2,0,10,1,0.7888098588730077,1,0,1
0.402563564952969,0,0.1830767128389875,1,1,36,100000.0,0.21265576685552884,1,5,2,0,0.17941463681877,10,1,0
0.9143539182036119,0,0.8577690894094846,1,1,31,27660.836061885217,0.04967714983934238,2,0,10,1,0.7121197686526489,1,0,1
0.866093058628559,0,0.8091754986316508,1,1,59,5233.9666463843,0.04657309646544447,4,0,13,1,0.759394223925072,0,0,1
0.8596686148682363,0,0.8134727719805964,1,1,32,49297.498984074664,0.035304929119638014,2,0,12,1,0.7014954895883418,1,0,1
0.5881467751655685,0,0.23192870513097574,1,0,49,10000.0,0.6809330438614158,1,3,0,0,0.1922444655605823,8,2,0
0.9085387943420793,0,0.8569534523407354,1,1,18,34919.86148594354,0.042047223364938976,3,0,11,1,0.8883256287372641,1,0,1
0.25598099853267037,0,0.35793942883483504,1,0,30,50000.0,0.7256808980294936,1,5,1,0,0.01740856793237397,8,1,0
0.8837766499158318,0,0.9482512447399076,1,1,18,49751.562253801654,0.04364560081935421,5,0,6,1,0.7943043827889714,1,0,1
0.8981101178430178,0,0.9132979712557047,1,1,23,22868.467846834217,0.011432280133105733,4,0,13,1,0.7506619124838144,1,0,1
0.9589270192575852,0,0.8652748575387269,1,1,28,30785.37712236754,0.023639198637949912,4,0,11,1,0.8028140928264867,1,0,1
0.9158908092715737,0,0.8171284119099556,1,1,55,35534.411296960614,0.048705480949029115,2,0,12,1,0.922133606433438,0,0,1
0.9294618499273747,0,0.8841420033942723,1,1,52,8324.231978819238,0.0062831926434268,3,0,7,1,0.8446092278759052,1,0,1
0.9432187609752916,0,0.8644337966625193,1,1,15,13978.312445058578,0.005924262617740078,2,0,14,1,0.7823710730382755,0,0,1
0.8885013838213252,0,0.9363202930386431,1,1,22,38755.47716072292,0.03960116214148865,2,0,11,1,0.9167433469502411,0,0,1
0.9448303750172293,0,0.8335278167396889,1,1,52,45808.248092265734,0.04619372497492532,2,0,8,1,0.9934613292293684,1,0,1
0.8649264464298185,0,0.9015626548625354,1,1,23,13582.08568109745,0.003035359230095586,2,0,15,1,0.7481014374828604,1,0,1
